eval,C_L,C_G,theta_0,theta_1,theta_2,theta_3,theta_4,theta_5,theta_6,theta_7,theta_8
1,8.333845955221e-01,9.989358549298e-01,0.0034192767,0.1359747540,0.1224721079,-0.0510307077,-0.0297969511,-0.0527384193,0.0569726358,-0.0056064439,0.0746885616
2,6.563113957952e-01,9.498553998199e-01,1.0034192767,0.1359747540,0.1224721079,-0.0510307077,-0.0297969511,-0.0527384193,0.0569726358,-0.0056064439,0.0746885616
3,5.240213556050e-01,9.631879811279e-01,1.0034192767,1.1359747540,0.1224721079,-0.0510307077,-0.0297969511,-0.0527384193,0.0569726358,-0.0056064439,0.0746885616
4,5.229705624155e-01,9.293936871664e-01,1.0034192767,1.1359747540,1.1224721079,-0.0510307077,-0.0297969511,-0.0527384193,0.0569726358,-0.0056064439,0.0746885616
5,5.974387034039e-01,9.186740163724e-01,1.0034192767,1.1359747540,1.1224721079,0.9489692923,-0.0297969511,-0.0527384193,0.0569726358,-0.0056064439,0.0746885616
6,4.268370692424e-01,9.654543384656e-01,1.0034192767,1.1359747540,1.1224721079,-0.0510307077,0.9702030489,-0.0527384193,0.0569726358,-0.0056064439,0.0746885616
7,4.967441325560e-01,9.287171866069e-01,1.0034192767,1.1359747540,1.1224721079,-0.0510307077,0.9702030489,0.9472615807,0.0569726358,-0.0056064439,0.0746885616
8,5.020250055052e-01,9.566042682616e-01,1.0034192767,1.1359747540,1.1224721079,-0.0510307077,0.9702030489,-0.0527384193,1.0569726358,-0.0056064439,0.0746885616
9,4.959218243483e-01,9.825940406030e-01,1.0034192767,1.1359747540,1.1224721079,-0.0510307077,0.9702030489,-0.0527384193,0.0569726358,0.9943935561,0.0746885616
10,4.220464777425e-01,9.695932535213e-01,1.0034192767,1.1359747540,1.1224721079,-0.0510307077,0.9702030489,-0.0527384193,0.0569726358,-0.0056064439,1.0746885616
11,3.836990638367e-01,9.691678585391e-01,1.6334983838,1.6067020607,1.1262111425,-0.3160105005,1.3122746082,-0.3014885413,-0.2105684027,-0.2514305487,1.0917349109
12,4.290599506240e-01,9.980917006530e-01,0.9433998795,2.0454130026,1.1296958680,-0.5629677788,1.6310802814,-0.5333200045,-0.4599127244,-0.4805350069,1.1076218583
13,4.312954791788e-01,9.857019762176e-01,1.6334983838,1.3614338617,1.1262111425,-0.7517208522,1.3122746082,-0.3014885413,-0.2105684027,-0.2514305487,1.0917349109
14,5.033705928636e-01,9.447637501067e-01,1.8827508948,1.2256507519,1.1303362575,0.3273291526,1.6896673379,-0.5759237728,-0.5057348382,-0.5226376322,1.1105414095
15,3.912883533614e-01,9.639469565996e-01,1.6334983838,1.6067020607,1.6261963570,-0.3160105005,1.3105549941,-0.2997689272,-0.2088487886,-0.2497109346,1.0934545250
16,4.818076376060e-01,9.762247571022e-01,1.8624588634,2.2027480493,1.0659900780,-0.2576067764,1.1197102652,-0.0143486288,0.0575280650,0.0386747032,1.6482432918
17,4.289482599308e-01,9.829170107547e-01,1.7068263395,1.3500808613,1.1084515917,-0.7279382794,1.3394069435,-0.2983316617,-0.2135104659,-0.2473239756,1.1811609980
18,3.879703166700e-01,9.686332130499e-01,1.6334983838,1.6067020607,1.1262111425,-0.3160105005,1.2498234024,-0.2871711341,-0.3159718299,-0.2371131416,1.1060523181
19,3.743544724056e-01,9.678151964453e-01,1.6548469974,1.6433081355,1.1213483858,-0.3288193881,1.1518494234,-0.4094930966,-0.1424545416,-0.3591586114,1.0088466698
20,3.648211268612e-01,9.636838906294e-01,1.6815687666,1.6157889228,1.1153797105,-0.2615648078,1.1748673168,-0.4501448735,-0.1512862238,-0.3994643062,0.9996326418
21,3.566469960292e-01,9.581506479616e-01,1.7242094039,1.6442031492,1.1051533309,-0.1925184308,1.1716317949,-0.4737914847,-0.1249012689,-0.4225586651,1.0261520818
22,3.529516882646e-01,9.526022009623e-01,1.7491741798,1.6536650624,1.0993632722,-0.1578505946,1.1800870537,-0.4225079774,-0.1204706163,-0.4866245130,0.9911335805
23,3.475710838488e-01,9.497806712625e-01,1.7889048662,1.6687234114,1.0901485689,-0.1026777809,1.1935433426,-0.4584851490,-0.1134193666,-0.4696811161,0.9340937599
24,3.404665101271e-01,9.450104929989e-01,1.8456724129,1.6441566423,1.0768284300,-0.0631206970,1.2043136130,-0.5010558323,-0.0945867071,-0.5154658599,0.9413433720
25,3.388355015579e-01,9.402761941069e-01,1.9089604843,1.6741201569,1.0616467383,-0.0332565566,1.1815956932,-0.5243209991,-0.0481009915,-0.5427106171,0.9376168781
26,3.313980118398e-01,9.341658507287e-01,1.9314499493,1.6693167074,1.0564482390,0.0112793834,1.1444965674,-0.5354327249,-0.1236318665,-0.5550788934,0.9477644665
27,3.270017327496e-01,9.337361059285e-01,1.9621186105,1.6250048876,1.0495467622,-0.0094874475,1.1204539455,-0.5640185318,-0.1574455480,-0.5859978508,0.8918854794
28,3.274105447154e-01,9.369934058948e-01,1.9426943228,1.6358664593,1.0404662204,0.0326323652,1.1392139225,-0.6162620365,-0.1955272632,-0.6404851013,0.8797285709
29,3.278703273899e-01,9.354338676901e-01,1.9846350375,1.6440257789,1.0384753676,-0.0307001287,1.1465178622,-0.5630355243,-0.1760724505,-0.5849650276,0.8973936837
30,3.212482320678e-01,9.258749193804e-01,2.0001008616,1.5650711172,1.0093825242,0.0394267176,1.1209925697,-0.5444578637,-0.1745325162,-0.5691289822,0.8915737894
31,3.159792125547e-01,9.170019854388e-01,2.0485223913,1.5738197865,0.9834213402,0.0753707988,1.0547885947,-0.5327994160,-0.1932550276,-0.5613732912,0.8654340245
32,3.147899728174e-01,9.105011126560e-01,2.1146855148,1.5389752333,0.9578701235,0.1016627222,1.0371490275,-0.5457237401,-0.1506775684,-0.5785224939,0.8435470279
33,3.123520823445e-01,9.071998402374e-01,2.1491895257,1.5467300472,0.9109139838,0.1436633326,1.0723984164,-0.5334547197,-0.2039194653,-0.5683893774,0.8647597090
34,3.123270197956e-01,8.959179790748e-01,2.1889232583,1.5287593207,0.9879012771,0.1732671090,1.0711021211,-0.5233195327,-0.2373232134,-0.5597509512,0.8646134694
35,3.140720637996e-01,8.989643349629e-01,2.1956822164,1.5123313848,0.9792070572,0.1673867922,1.0451971400,-0.5928440527,-0.2520033295,-0.5053950925,0.8946047969
36,3.088891609372e-01,8.931647878453e-01,2.1933540958,1.5201994930,0.9867510007,0.1633251584,1.0539526962,-0.5173421237,-0.2433416812,-0.5858747602,0.9000877413
37,3.015697140970e-01,8.850774388307e-01,2.1939214029,1.4776709756,0.9556188555,0.1613715044,1.0045480889,-0.4727206951,-0.2860515134,-0.6150807956,0.9105264557
38,2.951871573941e-01,8.735265261215e-01,2.1894371620,1.4757352428,0.9371103043,0.2048559367,0.9529563714,-0.4233118297,-0.2814546207,-0.6272659880,0.9602268638
39,2.909873865818e-01,8.657980546301e-01,2.2307293241,1.4854820884,0.9126326062,0.1798274607,0.9060548787,-0.3690780960,-0.3029486044,-0.6434830440,0.9935186332
40,2.920732791925e-01,8.578983217582e-01,2.2450225725,1.4214300815,0.8844446594,0.2042650587,0.8927474993,-0.3426680229,-0.2988336545,-0.6887062173,1.0304596727
41,2.899816067252e-01,8.632280380804e-01,2.2343926259,1.4680478092,0.9177892919,0.1785168630,0.9173153681,-0.3381830981,-0.2925390805,-0.6141001907,0.9834534816
42,2.872338804564e-01,8.547605055534e-01,2.2191699420,1.4889835787,0.9273762849,0.2176262401,0.8778354652,-0.2878187339,-0.3358908213,-0.6158901919,0.9418517966
43,2.901299270327e-01,8.552088576732e-01,2.2123308892,1.4671675724,0.9178478023,0.2197081156,0.8235161128,-0.3088398436,-0.3690450678,-0.5504104854,0.9664055724
44,2.879537868260e-01,8.509433889726e-01,2.2551293478,1.4905266474,0.9321512963,0.2362399996,0.8643819473,-0.2999128567,-0.3184939237,-0.6125282602,0.9279216954
45,2.854093336746e-01,8.458228849950e-01,2.2319513024,1.5236897820,0.9880331633,0.2375638525,0.8935201927,-0.2486538398,-0.3437259864,-0.6155473641,0.9939473246
46,2.883674501535e-01,8.513854950640e-01,2.2471021119,1.5628981051,0.9238475197,0.2735502226,0.9352690120,-0.2330587407,-0.3599822496,-0.5953666929,1.0066220272
47,2.883675965245e-01,8.486182305463e-01,2.2103882593,1.5376458529,0.9792432746,0.2449592969,0.8754312875,-0.2415075622,-0.3084317880,-0.6127902443,1.0027079518
48,2.827700379178e-01,8.404721071284e-01,2.2626887405,1.5239936562,1.0208449979,0.1825528923,0.8996372729,-0.2053993335,-0.3833318195,-0.6383822748,0.9630625520
49,2.821728521012e-01,8.354944386326e-01,2.2409018465,1.4926618604,1.0780030243,0.2123161644,0.9438307269,-0.2092991512,-0.4145339605,-0.6481028569,0.9262600493
50,2.829803631627e-01,8.365070087621e-01,2.2408046044,1.5068164077,1.0770386417,0.1667746332,0.9503288959,-0.1488478488,-0.4263338917,-0.6701747031,0.8679360636
51,2.836313207054e-01,8.400171611574e-01,2.2423269630,1.5229203587,1.0933432131,0.2015061967,0.9491960127,-0.2276830862,-0.4102896624,-0.6223646693,0.9127326027
52,2.789253643030e-01,8.181268648943e-01,2.3187532292,1.4578680946,1.1149399825,0.2213468415,0.9330440794,-0.1877014040,-0.4210183431,-0.6571021951,0.9502770079
53,2.808850140916e-01,8.145920896655e-01,2.3383171111,1.4764680185,1.1296625901,0.2240544850,0.9085481570,-0.2156170631,-0.4681731312,-0.7287367486,0.9679629720
54,2.831555970443e-01,8.220017105795e-01,2.3145864979,1.4677508186,1.1250489241,0.2079075511,0.9637610410,-0.1816435995,-0.4040039293,-0.6720808978,0.9749363743
55,2.737123825461e-01,8.114092665201e-01,2.3103300854,1.4138499879,1.1172332821,0.2076443855,0.8970347058,-0.1692541482,-0.4792732523,-0.6070549590,0.9664974852
56,2.671095550651e-01,7.960369813676e-01,2.2970302625,1.3881076716,1.1484504801,0.2427632459,0.8230383713,-0.1426557940,-0.4606267266,-0.5930109809,0.9515060262
57,2.706666519482e-01,7.874888478559e-01,2.3542620208,1.3814752594,1.1608097167,0.2421273808,0.7688403933,-0.1264322899,-0.4664159152,-0.5472997899,0.9168111951
58,2.672067174472e-01,7.950798056175e-01,2.2925983023,1.4215792439,1.1631342709,0.2420800040,0.8200171234,-0.1203765493,-0.4749798968,-0.5852496013,0.9707981452
59,2.654976856379e-01,7.929938808047e-01,2.2314116647,1.3381023470,1.1642950018,0.2388194109,0.7855996708,-0.1377488770,-0.4827535900,-0.6001775240,0.9824959097
60,2.620910732333e-01,7.845516509831e-01,2.2210143934,1.3279395114,1.1266085781,0.3227133772,0.7969387237,-0.1117502965,-0.5053353070,-0.5963337083,0.9815262521
61,2.617358149657e-01,7.810451574325e-01,2.1953982148,1.3375385156,1.1351158643,0.3304551870,0.7739762261,-0.0705728471,-0.5712025448,-0.5692791412,1.0242586721
62,2.572790433341e-01,7.682715453113e-01,2.1960534259,1.3053079898,1.1661966630,0.3552273943,0.7982354055,-0.0193745653,-0.5201871927,-0.5623823335,1.0632610009
63,2.572466117110e-01,7.601891905701e-01,2.1850995441,1.2114122676,1.1551283363,0.3778686312,0.7992306866,-0.0079261169,-0.5147489364,-0.5527005860,1.0764178980
64,2.491899423803e-01,7.457666886727e-01,2.1514796564,1.2217537214,1.1854098445,0.4231171940,0.7407025400,0.0095042554,-0.4802665529,-0.5807651217,1.0668084985
65,2.488283042760e-01,7.433371038021e-01,2.1171021471,1.2305333989,1.2401250600,0.4708259271,0.7529180352,-0.0288814589,-0.4686933180,-0.5395302492,1.0630282564
66,2.457677787224e-01,7.309679563826e-01,2.0879190985,1.2365919067,1.2854285783,0.4680046085,0.6941869184,0.0193499441,-0.4571909769,-0.5524187296,1.0942891978
67,2.504694783484e-01,7.241245078557e-01,2.1062926698,1.2595371343,1.2686339687,0.5455676196,0.6780971038,0.0693704609,-0.4563126898,-0.5541395338,1.0857345491
68,2.481854760479e-01,7.327855791973e-01,2.1041795013,1.2355991383,1.2741794786,0.4768789194,0.6734620104,-0.0049338000,-0.4538059742,-0.5485332384,1.1256506510
69,2.417926908342e-01,7.246711349067e-01,2.0380156027,1.1826330601,1.2864929195,0.4626180495,0.6570964012,0.0033201731,-0.4576753767,-0.5813219406,1.0484673049
70,2.422067334238e-01,7.201376230033e-01,2.0049867833,1.1128653220,1.3187636795,0.4311044743,0.6795640952,0.0377204546,-0.4574145478,-0.5667572654,1.0587958087
71,2.467059389919e-01,7.348866866117e-01,2.0186160825,1.1903492495,1.2607185700,0.4539055816,0.6497330180,0.0096662797,-0.4377334635,-0.5525622067,1.0463225060
72,2.455283016567e-01,7.284500756084e-01,2.0087550371,1.1953277266,1.3002940555,0.4648206073,0.6908166749,-0.0083713143,-0.4185245760,-0.6571237963,1.0637933569
73,2.437439945268e-01,7.297578034259e-01,2.0114685668,1.1906398499,1.2736987947,0.4672712498,0.6630927480,0.0030822050,-0.4929437371,-0.5841936359,1.0645199563
74,2.394329957171e-01,7.158815389068e-01,2.0641923138,1.1918596154,1.3466323074,0.4305900049,0.6282937247,-0.0070570553,-0.4962341060,-0.5939767815,1.0037134537
75,2.404112363555e-01,7.040650176126e-01,2.0927735281,1.1253863267,1.3403121643,0.4717554367,0.5965111391,-0.0436362408,-0.5102541200,-0.6132232368,0.9930025850
76,2.414923472664e-01,7.171959677043e-01,2.0471335513,1.1973361231,1.3727499736,0.4538934555,0.6354199257,-0.0275469395,-0.4907943186,-0.5727533531,1.0019302294
77,2.412101533279e-01,7.169727439766e-01,2.0635016149,1.1840533554,1.3698386047,0.3668708529,0.6172318097,0.0134311230,-0.5576839463,-0.6254117513,0.9979211242
78,2.429736330645e-01,7.270086337704e-01,2.0553786021,1.1889413279,1.3346330662,0.4019150549,0.6172418372,-0.0399687264,-0.4847815362,-0.5846436005,1.0086099425
79,2.396719075309e-01,7.063509705932e-01,2.0680962652,1.1993929833,1.3310454934,0.4482127743,0.5931765009,0.0565648292,-0.4750396761,-0.5867688750,0.9437770258
80,2.389562441326e-01,7.107138445083e-01,2.0479487118,1.1966388153,1.3669900152,0.4389192345,0.5948005690,-0.0016855929,-0.4915240178,-0.5949256901,1.0272880771
81,2.396710268255e-01,7.052672074436e-01,2.0240124816,1.2064784650,1.4328436932,0.4825397304,0.6241413062,-0.0072735707,-0.5141033585,-0.5667669250,0.9973558775
82,2.385960825571e-01,7.039164241006e-01,2.0307169549,1.1853429666,1.3761878522,0.4446235138,0.5532732633,0.0117405570,-0.4931612905,-0.5983290177,1.0335562052
83,2.387167296949e-01,7.002168933538e-01,2.0484779308,1.1869743300,1.3833664323,0.4479152165,0.5499385897,0.0211536001,-0.4919082236,-0.5930346154,1.0442889946
84,2.380220623173e-01,7.032304344448e-01,2.0299781731,1.1823761986,1.3777070210,0.4435697871,0.5550092314,0.0130915204,-0.4905280847,-0.5989270819,1.0338789044
85,2.370188955007e-01,7.015992022595e-01,2.0295493161,1.1819805782,1.3810295015,0.4443683308,0.5565852741,0.0144416577,-0.4853481235,-0.6064647992,1.0340433951
86,2.364283495022e-01,7.007115081544e-01,2.0285576275,1.1788293652,1.3850965668,0.4419141550,0.5577808996,0.0148383960,-0.4777504895,-0.6091400723,1.0338102427
87,2.353622321903e-01,6.993548636690e-01,2.0254147751,1.1755278079,1.3842416536,0.4446192875,0.5621088692,0.0197997294,-0.4763830062,-0.6128199568,1.0373338586
88,2.344725817533e-01,6.980015085432e-01,2.0222768617,1.1742243677,1.3846593326,0.4473712736,0.5648998782,0.0231861035,-0.4732224685,-0.6196154548,1.0396320334
89,2.332535782783e-01,6.967973002779e-01,2.0111625141,1.1642618366,1.3830178426,0.4487748198,0.5713054848,0.0306123320,-0.4669595042,-0.6226977383,1.0448902614
90,2.322442503288e-01,6.945208947677e-01,2.0067137124,1.1651532449,1.3853061718,0.4542009802,0.5745031812,0.0348136584,-0.4599904671,-0.6388578943,1.0475622199
91,2.320859410502e-01,6.936855812849e-01,2.0076639985,1.1588784125,1.3944583790,0.4471255672,0.5760802131,0.0340991143,-0.4452428743,-0.6405115353,1.0459265418
92,2.321579191104e-01,6.942847539290e-01,1.9991862277,1.1578108319,1.3927590550,0.4471537303,0.5735652824,0.0324866877,-0.4436432574,-0.6435878334,1.0441511553
93,2.322916050435e-01,6.938433561615e-01,2.0078958331,1.1597170512,1.3933355369,0.4501449962,0.5752725669,0.0331188676,-0.4424063967,-0.6387051023,1.0468977421
94,2.312402223360e-01,6.914497559510e-01,2.0072573919,1.1551343630,1.3968786514,0.4474879791,0.5762803501,0.0411473158,-0.4467987472,-0.6441227406,1.0497539378
95,2.305790348318e-01,6.900424556367e-01,2.0054512248,1.1518226158,1.3977931157,0.4431449295,0.5825531382,0.0522828602,-0.4483542520,-0.6522907607,1.0613119393
96,2.288558186501e-01,6.843366805632e-01,2.0034174658,1.1435941470,1.4025570432,0.4539982830,0.5738266324,0.0625976079,-0.4493137909,-0.6541952545,1.0620683140
97,2.274492703975e-01,6.799470081382e-01,1.9983440884,1.1371454044,1.4037144353,0.4637629896,0.5689571860,0.0742589100,-0.4481337324,-0.6586097572,1.0695119463
98,2.246838170148e-01,6.701990187106e-01,2.0054778074,1.1384225078,1.4210670945,0.4661313299,0.5439982009,0.0880968604,-0.4535670527,-0.6778019925,1.0748460413
99,2.217718300307e-01,6.606588399154e-01,2.0006992308,1.1315411736,1.4290326182,0.4794501881,0.5276662535,0.1106613559,-0.4535226400,-0.6940799220,1.0905975164
100,2.164989067377e-01,6.429873620998e-01,1.9990490269,1.0841697576,1.4661136160,0.4656754790,0.4952059825,0.1472287414,-0.4464066069,-0.6842892688,1.0977490956
101,2.110302962190e-01,6.243911965449e-01,1.9866224067,1.0534605766,1.4869240851,0.4838640855,0.4641197467,0.1960342471,-0.4413332591,-0.7020845806,1.1268674895
102,2.171634502345e-01,6.150772232748e-01,2.0132467339,1.0274448772,1.5459825867,0.4122595051,0.4690068995,0.2769425666,-0.4733951364,-0.7722815069,1.1823074856
103,2.092748591383e-01,6.237250932363e-01,1.9551895854,1.0670166079,1.4895480288,0.4717774977,0.4603997339,0.2050852012,-0.4436741216,-0.7036006159,1.1137638710
104,2.142392895275e-01,6.227059471856e-01,1.9345402720,1.0213783898,1.4874473496,0.4878435558,0.4478337864,0.1856638368,-0.4657371350,-0.7402580297,1.0782308884
105,2.098041737616e-01,6.251228320180e-01,1.9479965342,1.0664360746,1.4969632870,0.4700916981,0.4590276054,0.1924520996,-0.4430063269,-0.7041874583,1.1250699178
106,2.095560836774e-01,6.202599450459e-01,1.9543262376,1.0766364779,1.5010028895,0.4782339254,0.4467291361,0.2133339363,-0.4118173597,-0.7035525374,1.1057619357
107,2.094318967222e-01,6.247619143056e-01,1.9553104552,1.0658983562,1.4829030142,0.4671771447,0.4558082371,0.2041373447,-0.4412678175,-0.7050834745,1.1156202098
108,2.087487319193e-01,6.218939767143e-01,1.9538156865,1.0714608329,1.4898504125,0.4757141720,0.4488919011,0.2103341898,-0.4524051517,-0.6925255496,1.1157393073
109,2.086609451133e-01,6.222916161039e-01,1.9494142341,1.0681710728,1.4876697215,0.4766413725,0.4524044266,0.2143191890,-0.4502674983,-0.6872939237,1.1177473055
110,2.086406146497e-01,6.224789838886e-01,1.9473848729,1.0731284836,1.4841159871,0.4818716378,0.4535583323,0.2162744683,-0.4509717278,-0.6911705039,1.1210096111
111,2.079978876758e-01,6.213172413986e-01,1.9477779651,1.0748525562,1.4873728923,0.4772239787,0.4540538397,0.2234036395,-0.4532332226,-0.6923725088,1.1236619877
112,2.080782918195e-01,6.220944652161e-01,1.9477202022,1.0810356090,1.4881540242,0.4724295472,0.4565294451,0.2275925806,-0.4554854226,-0.6893487511,1.1231343361
113,2.079117318508e-01,6.211580753672e-01,1.9439756007,1.0745991165,1.4875575538,0.4765951756,0.4532524839,0.2236179827,-0.4542288507,-0.6937937596,1.1211422741
114,2.070251324049e-01,6.185042527352e-01,1.9440851745,1.0703675679,1.4903363713,0.4775149420,0.4508381708,0.2305206032,-0.4574487169,-0.6966251963,1.1224285653
115,2.053863554748e-01,6.134390031952e-01,1.9432774204,1.0636067362,1.4939952824,0.4822695451,0.4462735689,0.2446579206,-0.4646496106,-0.7028744689,1.1248860420
116,2.029087295313e-01,6.052380169239e-01,1.9304813318,1.0554953422,1.4963125655,0.4952323452,0.4373004004,0.2695664824,-0.4807939007,-0.7180597599,1.1226778647
117,2.004382600420e-01,5.971131668942e-01,1.9460511025,1.0408704138,1.5056328541,0.5020687531,0.4314309895,0.2950660851,-0.4892174185,-0.7232304630,1.1377681899
118,1.989748040102e-01,5.917293545490e-01,1.9417870418,1.0353500677,1.5224789854,0.4814181153,0.4274521888,0.3208256264,-0.5014373741,-0.7251411789,1.1348119058
119,1.968648078659e-01,5.840925253553e-01,1.9404053299,1.0271003483,1.5256542205,0.4962312851,0.4200976689,0.3496582681,-0.5168367617,-0.7370613497,1.1408018207
120,1.974582424245e-01,5.843205326977e-01,1.9279562193,0.9963328683,1.5235644537,0.5021140426,0.4229188117,0.3582738306,-0.5110395317,-0.7186759899,1.1384371302
121,1.976751016844e-01,5.860492795303e-01,1.9398007189,1.0251566613,1.5208190116,0.4930455801,0.4189468823,0.3470782850,-0.5231173979,-0.7363986131,1.1446047580
122,1.953303070129e-01,5.811500361534e-01,1.9362848706,1.0292270924,1.5260384013,0.4948273602,0.4044093115,0.3524212419,-0.5074992388,-0.7378623459,1.1467001817
123,1.949394834382e-01,5.817303065131e-01,1.9330053698,1.0377032809,1.5237470294,0.4944849187,0.4112933892,0.3628564290,-0.5012672593,-0.7340642968,1.1568236718
124,1.941463988645e-01,5.795224235096e-01,1.9353526725,1.0413285986,1.5271028188,0.4975630631,0.4063758639,0.3659025708,-0.5018331296,-0.7290095289,1.1556927325
125,1.936382755416e-01,5.783704912925e-01,1.9397222233,1.0422374829,1.5241224665,0.4971020383,0.4028112101,0.3715528813,-0.4982844982,-0.7298241843,1.1520737965
126,1.928630419888e-01,5.756661103655e-01,1.9410713765,1.0438435416,1.5298821114,0.4996665068,0.3979758308,0.3758117888,-0.4948571087,-0.7311844516,1.1529304415
127,1.924745747424e-01,5.742247117240e-01,1.9351914264,1.0480841601,1.5304097610,0.5018685675,0.3944907649,0.3790166963,-0.4943685596,-0.7319384907,1.1485610611
128,1.921716441795e-01,5.723775766736e-01,1.9364508374,1.0505017991,1.5317281396,0.5026892613,0.3867672034,0.3838700645,-0.4947029126,-0.7308578988,1.1509420668
129,1.916527517908e-01,5.715699742281e-01,1.9342943460,1.0509676350,1.5321918887,0.5019291476,0.3868978857,0.3886055909,-0.4892735112,-0.7368145766,1.1535758867
130,1.911070725145e-01,5.701456402557e-01,1.9374944229,1.0542842634,1.5343775059,0.5061898661,0.3895197362,0.3932838671,-0.4918035388,-0.7412307940,1.1524967872
131,1.905932127779e-01,5.688027021231e-01,1.9386581692,1.0574601259,1.5401949356,0.5009917073,0.3906183385,0.3973805085,-0.4905699949,-0.7417939169,1.1496917714
132,1.904027378438e-01,5.676699925504e-01,1.9409816115,1.0624580282,1.5436815788,0.5038795900,0.3905221232,0.4001254100,-0.4845838284,-0.7435518028,1.1480614501
133,1.903108638429e-01,5.682436669649e-01,1.9432112721,1.0652610677,1.5372832300,0.5005641673,0.3908904032,0.4052164991,-0.4846335162,-0.7449570916,1.1453765732
134,1.898713161044e-01,5.667392543946e-01,1.9472362656,1.0647772276,1.5405519496,0.4989443167,0.3878592119,0.4104051868,-0.4864160150,-0.7467406519,1.1506479954
135,1.892568353335e-01,5.650319527251e-01,1.9417956115,1.0689447415,1.5434150920,0.4987858085,0.3860998813,0.4151255359,-0.4898300646,-0.7493706975,1.1515745944
136,1.886244421742e-01,5.632234109627e-01,1.9394957079,1.0648470370,1.5459260658,0.5006273271,0.3872959813,0.4229884020,-0.4898996556,-0.7481168386,1.1497331935
137,1.879614696613e-01,5.609998718687e-01,1.9376062084,1.0661830564,1.5486610784,0.5044183641,0.3857795642,0.4310904353,-0.4894423792,-0.7500397280,1.1507045425
138,1.867971058309e-01,5.571444732207e-01,1.9318159621,1.0681290041,1.5585569243,0.4976002687,0.3816968012,0.4443068502,-0.4846350598,-0.7483219325,1.1497726488
139,1.856007506659e-01,5.527125633636e-01,1.9279064519,1.0734674399,1.5649746239,0.5029588850,0.3770673531,0.4596389727,-0.4826260726,-0.7525734970,1.1525471027
140,1.830954062847e-01,5.442622365050e-01,1.9256460422,1.0609455721,1.5776768841,0.5001756525,0.3639313139,0.4706142376,-0.4894512042,-0.7774163891,1.1348769046
141,1.836264258820e-01,5.410576333025e-01,1.9179271600,1.0554773715,1.5952934211,0.4945931406,0.3746390119,0.4959627840,-0.4977715988,-0.7958551965,1.1332679785
142,1.829676464770e-01,5.432855114431e-01,1.9303047768,1.0650106782,1.5817436856,0.5016583064,0.3652288550,0.4706581170,-0.4927406201,-0.7744317456,1.1302271653
143,1.818091919344e-01,5.390882084606e-01,1.9272864230,1.0621254936,1.5809980309,0.5038968159,0.3497414754,0.4768038624,-0.4994824573,-0.7680317622,1.1266275745
144,1.813048139749e-01,5.388215613216e-01,1.9218256375,1.0682452799,1.5714037577,0.5041830283,0.3496280086,0.4821757811,-0.4947339593,-0.7691611375,1.1129198418
145,1.813616453070e-01,5.382093302038e-01,1.9284203670,1.0658562899,1.5706055574,0.5042014992,0.3462105621,0.4863139029,-0.4902737108,-0.7691872035,1.1117085136
146,1.813844547533e-01,5.386670096928e-01,1.9205634164,1.0657516356,1.5727740934,0.5069968871,0.3507837977,0.4819307926,-0.4931731704,-0.7677014740,1.1117238620
147,1.811430497457e-01,5.370559402310e-01,1.9192045057,1.0721939549,1.5753220356,0.5047681220,0.3428558164,0.4802526488,-0.4927127464,-0.7713200475,1.1110396344
148,1.812156991834e-01,5.367709558191e-01,1.9204924525,1.0731022363,1.5721619492,0.5119312787,0.3410978922,0.4803109471,-0.4965149894,-0.7756378727,1.1111974193
149,1.811527678841e-01,5.372033913228e-01,1.9198393163,1.0696552893,1.5752430575,0.5032680412,0.3424872175,0.4779891372,-0.4938944174,-0.7730273362,1.1085246431
150,1.809952420954e-01,5.361641380547e-01,1.9165195926,1.0738044341,1.5733360123,0.5025349971,0.3376315579,0.4821931720,-0.4965996565,-0.7662069216,1.1080470053
151,1.810676432689e-01,5.358613925077e-01,1.9209222467,1.0792939075,1.5766399625,0.5030863090,0.3401908083,0.4811448449,-0.4985576140,-0.7639069294,1.1033046459
152,1.815430192170e-01,5.373388595030e-01,1.9173874085,1.0744183032,1.5709959595,0.5030336545,0.3370339206,0.4787542728,-0.4950638521,-0.7644120069,1.1086650197
153,1.799804575252e-01,5.340393445386e-01,1.9132100911,1.0740326307,1.5766853304,0.5001609110,0.3379373727,0.4890686749,-0.4987539537,-0.7702841310,1.1061734491
154,1.783436870923e-01,5.302350417174e-01,1.9061862965,1.0749137667,1.5829325901,0.4950493942,0.3382816169,0.5026969834,-0.5027541543,-0.7785097308,1.1022718265
155,1.767380880456e-01,5.245757549210e-01,1.8860895993,1.0723999994,1.5877528570,0.4829739983,0.3299757883,0.5296104341,-0.5120129248,-0.7892731765,1.0971869107
156,1.775370103481e-01,5.235519116239e-01,1.8934091482,1.0861519448,1.6072852818,0.4816836591,0.3501060454,0.5384483011,-0.5094925065,-0.8088130218,1.0870560470
157,1.768710218838e-01,5.257274011356e-01,1.8832103165,1.0748806590,1.5812988832,0.4825487579,0.3316732042,0.5296570051,-0.5075277076,-0.7903935140,1.0927749121
158,1.769213757593e-01,5.228414971411e-01,1.8759332174,1.0688019088,1.5888788533,0.4765228918,0.3202310021,0.5396170579,-0.5184548828,-0.7900743132,1.0991319012
159,1.771154952989e-01,5.252900774819e-01,1.8825598263,1.0726870434,1.5885892464,0.4839108924,0.3319735412,0.5275793719,-0.5135888552,-0.7887703840,1.0973554454
160,1.760835787939e-01,5.226325040534e-01,1.8856272908,1.0676389557,1.5904666397,0.4879683720,0.3294692217,0.5326541873,-0.5089939336,-0.7865001181,1.0928874753
161,1.766002245899e-01,5.242866644274e-01,1.8880797167,1.0640752998,1.5868096449,0.4871790763,0.3350592040,0.5369121088,-0.5124776809,-0.7841057528,1.0930926271
162,1.761968356725e-01,5.228616477585e-01,1.8856096024,1.0681761263,1.5919336017,0.4847469487,0.3300141918,0.5322571174,-0.5079113632,-0.7834092342,1.0918867705
163,1.755458214478e-01,5.210197627511e-01,1.8878645622,1.0722195697,1.5899674755,0.4906572030,0.3262579767,0.5330886112,-0.5138967220,-0.7838740888,1.0878775418
164,1.752083889745e-01,5.201189203641e-01,1.8871416954,1.0772431809,1.5901891617,0.4941466045,0.3263854948,0.5374593743,-0.5111933533,-0.7803467119,1.0926884986
165,1.746342337538e-01,5.176366847451e-01,1.8910149191,1.0777807027,1.5914281833,0.4988396053,0.3197133067,0.5390072767,-0.5080566944,-0.7792590044,1.0908957508
166,1.746613999296e-01,5.161933840475e-01,1.8878077192,1.0789482333,1.5943722000,0.5064209709,0.3172562053,0.5372254958,-0.5084309508,-0.7762491360,1.0889476917
167,1.750447970255e-01,5.184852991933e-01,1.8913649810,1.0771921763,1.5891104313,0.4979289880,0.3184348444,0.5372703251,-0.5087280908,-0.7757172421,1.0917225368
168,1.740015729206e-01,5.156577627346e-01,1.8947644542,1.0828919018,1.5958727452,0.4975968886,0.3198956704,0.5433621252,-0.5081699206,-0.7790819656,1.0864825852
169,1.734927780824e-01,5.144805793705e-01,1.8987402600,1.0806778071,1.5955907392,0.5020906652,0.3219978245,0.5503948949,-0.5087247239,-0.7806823168,1.0849761437
170,1.731163194335e-01,5.130727771925e-01,1.9012544015,1.0846244625,1.5984535927,0.5034699958,0.3239015693,0.5546328468,-0.5116031097,-0.7764347213,1.0804936367
171,1.731872431557e-01,5.125274217590e-01,1.9074848386,1.0869666417,1.6030054177,0.5059510532,0.3241325378,0.5535715802,-0.5141267562,-0.7790192435,1.0843137038
172,1.733737809218e-01,5.140564426376e-01,1.9027137234,1.0859492303,1.5967644091,0.5046649995,0.3262849827,0.5525498178,-0.5093360016,-0.7765885102,1.0792087651
173,1.723013034705e-01,5.106095689040e-01,1.8998643108,1.0881818237,1.5985981688,0.5038477073,0.3196158580,0.5615219325,-0.5119138355,-0.7801984256,1.0782219818
174,1.716044015148e-01,5.080382943495e-01,1.8991895847,1.0878598949,1.6036006326,0.5031439260,0.3172698160,0.5687185723,-0.5083126758,-0.7810092975,1.0764900022
175,1.711568542280e-01,5.061341520887e-01,1.9020354501,1.0883603730,1.6022788631,0.5021114339,0.3113624197,0.5758863831,-0.5080523925,-0.7796759344,1.0756432379
176,1.707700791056e-01,5.048963944222e-01,1.9027694404,1.0927055473,1.6023040626,0.5039078637,0.3111362921,0.5806714038,-0.5031300699,-0.7830451991,1.0713045559
177,1.701951812746e-01,5.027113906194e-01,1.8999975758,1.0981521646,1.6068760976,0.5018920546,0.3093660685,0.5834180568,-0.5060910796,-0.7804372482,1.0679226400
178,1.694148165186e-01,5.005518223667e-01,1.8969408252,1.0975533046,1.6088588811,0.5057986192,0.3100646389,0.5906616413,-0.5099118608,-0.7809911828,1.0661220191
179,1.689026288858e-01,4.983814657818e-01,1.8957260433,1.0956103291,1.6153022161,0.5061964626,0.3105022198,0.5970983699,-0.5081933842,-0.7786606718,1.0643707596
180,1.682163959646e-01,4.959970326097e-01,1.8954399679,1.0975460147,1.6155889118,0.5080567670,0.3080232505,0.6050992637,-0.5115528751,-0.7768550610,1.0615560915
181,1.670297576029e-01,4.911096485743e-01,1.8939534806,1.1008412763,1.6243460193,0.5091228723,0.2987850313,0.6128551207,-0.5158539349,-0.7872668265,1.0676146478
182,1.655983636719e-01,4.865436770157e-01,1.8896746256,1.1095154526,1.6305278215,0.5157629956,0.2991425537,0.6243616061,-0.5167218343,-0.7945902262,1.0615128702
183,1.642843734806e-01,4.806461691431e-01,1.8886556919,1.1144451431,1.6407192990,0.5175752061,0.2938098514,0.6393457703,-0.5166857618,-0.7961768687,1.0580447325
184,1.620108121424e-01,4.738783777714e-01,1.8894441840,1.1282760059,1.6273703139,0.5257262142,0.2789845975,0.6600099785,-0.5387388778,-0.7983760178,1.0529972235
185,1.596882094821e-01,4.678995167324e-01,1.8922472903,1.1136173130,1.6350087684,0.5221740249,0.2693875839,0.6583376223,-0.5522024657,-0.8134963277,1.0246862739
186,1.568704058607e-01,4.557940074279e-01,1.8960152104,1.1122988817,1.6492675950,0.5199025442,0.2493503924,0.6827348261,-0.5638060620,-0.8168179713,1.0094153408
187,1.535053648867e-01,4.411315543689e-01,1.8860975581,1.1315411753,1.6624734364,0.5412110729,0.2497415577,0.7218866131,-0.5782126311,-0.8383992024,0.9537681265
188,1.671352470618e-01,4.616161574522e-01,1.9045241247,1.0911873431,1.6369972767,0.5650459172,0.2404329620,0.7570735376,-0.5550872755,-0.8742727745,0.9620403992
189,1.543881181061e-01,4.452117624270e-01,1.8907659697,1.1326215428,1.6608176901,0.5281435259,0.2605225787,0.7282694838,-0.5823569639,-0.8435228513,0.9555394921
190,1.507986323625e-01,4.360389732702e-01,1.8521325991,1.1327310161,1.6685948480,0.5307685512,0.2404037906,0.7202973739,-0.5924946993,-0.8363782716,0.9529516135
191,1.518808868772e-01,4.339076302463e-01,1.8556679946,1.1374115756,1.6911571477,0.5423789401,0.2425697626,0.7122625539,-0.6209250841,-0.8306458104,0.9563186867
192,1.507153200963e-01,4.353113897854e-01,1.8527338262,1.1375214716,1.6706633970,0.5300457881,0.2373488026,0.7179592551,-0.5909810612,-0.8433746317,0.9553700580
193,1.488632522387e-01,4.313233531999e-01,1.8530375357,1.1464252257,1.6690846717,0.5220405290,0.2286614223,0.7138150276,-0.5906897162,-0.8360287390,0.9450084869
194,1.495759689980e-01,4.304881866126e-01,1.8498973125,1.1446896817,1.6837469860,0.5172267579,0.2307990159,0.7130346134,-0.5800834019,-0.8330377587,0.9402806107
195,1.495124168049e-01,4.325012813556e-01,1.8535929456,1.1434661404,1.6688620168,0.5213518289,0.2283847760,0.7113697346,-0.5915508745,-0.8380013267,0.9428352949
196,1.474733187911e-01,4.280821738972e-01,1.8501483299,1.1518740263,1.6670615758,0.5219214156,0.2234268559,0.7182439853,-0.5907394687,-0.8327796158,0.9455379475
197,1.465214933448e-01,4.274506910948e-01,1.8408036656,1.1666256246,1.6603888980,0.5250330249,0.2260945143,0.7169053387,-0.5889744624,-0.8277863363,0.9435619934
198,1.454106738007e-01,4.218842717489e-01,1.8361336772,1.1724998239,1.6580992636,0.5232733913,0.2115457856,0.7269928203,-0.5897728373,-0.8231743387,0.9436866425
199,1.461813100022e-01,4.228598080405e-01,1.8335735034,1.1738245155,1.6483564552,0.5201547514,0.2026341787,0.7199240449,-0.5957404417,-0.8249373758,0.9327807933
200,1.449343789114e-01,4.214906873951e-01,1.8364901267,1.1735567694,1.6584111881,0.5219837019,0.2134229096,0.7298650995,-0.5911394405,-0.8250344622,0.9414744110
201,1.457046675301e-01,4.237429476934e-01,1.8375661942,1.1763983593,1.6570241038,0.5141485309,0.2152202336,0.7306816902,-0.5933126478,-0.8230317188,0.9453244154
202,1.450446799083e-01,4.217293920019e-01,1.8338475604,1.1738646632,1.6591356035,0.5214612408,0.2127729288,0.7291838413,-0.5914116476,-0.8285997751,0.9433324101
203,1.439323311626e-01,4.191765974522e-01,1.8418447065,1.1792770779,1.6583469481,0.5253355813,0.2118895302,0.7321080390,-0.5888152534,-0.8288181327,0.9409574143
204,1.432040996812e-01,4.183815795467e-01,1.8413042579,1.1791266562,1.6536492686,0.5288632621,0.2132933560,0.7389781082,-0.5856532694,-0.8310580438,0.9399631093
205,1.422812796013e-01,4.157169124733e-01,1.8404022496,1.1824010906,1.6579096216,0.5293588383,0.2129861524,0.7427105318,-0.5804123137,-0.8318315730,0.9346737869
206,1.418970412735e-01,4.141856208653e-01,1.8409406474,1.1878591557,1.6583826719,0.5313882823,0.2102638793,0.7447266225,-0.5750633135,-0.8364416189,0.9367323097
207,1.411449115230e-01,4.116204707481e-01,1.8408982817,1.1913657786,1.6614446750,0.5371398036,0.2107790722,0.7498245656,-0.5785885484,-0.8364968841,0.9341708341
208,1.403927991578e-01,4.106702510068e-01,1.8434171964,1.1963470080,1.6612984701,0.5339487322,0.2134440908,0.7565784495,-0.5783645307,-0.8353623178,0.9320299429
209,1.406158576036e-01,4.094041061660e-01,1.8441272671,1.1969827297,1.6624640634,0.5367625864,0.2115192371,0.7608781687,-0.5746130822,-0.8281474966,0.9332528971
210,1.404911561194e-01,4.112243720812e-01,1.8414076791,1.1991012650,1.6590373307,0.5346610414,0.2141605742,0.7546749550,-0.5782235752,-0.8338691082,0.9308596481
211,1.395863808708e-01,4.084794753563e-01,1.8461575951,1.1974866799,1.6601599483,0.5342672968,0.2105055293,0.7603195177,-0.5789396670,-0.8388158043,0.9246201142
212,1.385076560609e-01,4.062329113549e-01,1.8402763504,1.1985754868,1.6614479107,0.5320459239,0.2092035351,0.7664776689,-0.5802046274,-0.8421437537,0.9223095454
213,1.378553431378e-01,4.049843045276e-01,1.8379741761,1.2001910196,1.6634589887,0.5319486378,0.2117630046,0.7726064275,-0.5799176632,-0.8469475425,0.9177526993
214,1.370286845516e-01,4.029744335527e-01,1.8381166965,1.2049709606,1.6614105984,0.5317466270,0.2074051770,0.7772287394,-0.5825646414,-0.8513286980,0.9202701774
215,1.362724301580e-01,4.001671653597e-01,1.8376539570,1.2094984076,1.6672233496,0.5279905931,0.2034630029,0.7776110510,-0.5855271728,-0.8516513663,0.9176577797
216,1.352655747514e-01,3.971359965225e-01,1.8340709511,1.2124461014,1.6650274663,0.5295042593,0.1975656290,0.7797671465,-0.5859995800,-0.8515624105,0.9120273948
217,1.341109205461e-01,3.938973493297e-01,1.8325818819,1.2175356920,1.6655389880,0.5298796706,0.1936918350,0.7842060058,-0.5873950707,-0.8548127276,0.9071025148
218,1.321110041588e-01,3.886605552392e-01,1.8289588914,1.2225744561,1.6638869566,0.5275371292,0.1867708054,0.7947506950,-0.5978941544,-0.8568102698,0.8981607009
219,1.284579545659e-01,3.786879631886e-01,1.8212411155,1.2366004518,1.6596968173,0.5118210073,0.1670628021,0.8113885292,-0.5944016620,-0.8686176764,0.8819644560
220,1.236503077596e-01,3.652746210948e-01,1.8181540284,1.2588855845,1.6659618258,0.5193471357,0.1562916972,0.8283086234,-0.6017286458,-0.8832549411,0.8638617126
221,1.155929268081e-01,3.409110686433e-01,1.8117353330,1.2989705153,1.6757477709,0.5248660629,0.1346859725,0.8679858356,-0.6256566748,-0.9104518831,0.8281901181
222,1.247970811437e-01,3.236299350933e-01,1.7435505281,1.2722271911,1.7198183822,0.5835420696,0.0348710627,0.8572499969,-0.6227292330,-0.9786957998,0.8178722736
223,1.283769534517e-01,3.687037734440e-01,1.7666203515,1.3485361917,1.6540512021,0.5183460376,0.1560924042,0.8396408155,-0.6354622598,-0.9158446113,0.8254109393
224,1.190458106042e-01,3.478073377778e-01,1.8163747238,1.2926423222,1.6713102192,0.5178310128,0.1362098317,0.8609777887,-0.6330094408,-0.9221948229,0.8231056753
225,1.108773589899e-01,3.280100458287e-01,1.8206156562,1.3020443967,1.6812357897,0.5187257929,0.1241462334,0.8998062600,-0.6181518124,-0.8942886239,0.8265559727
226,1.115889499472e-01,3.243774516944e-01,1.8441297802,1.3164553534,1.6741434679,0.5330101958,0.1078530963,0.8883839008,-0.6131499204,-0.8845233330,0.8182644908
227,1.108269647929e-01,3.270191067794e-01,1.8200852519,1.3021826492,1.6881096756,0.5155321915,0.1241860364,0.8963666450,-0.6186355965,-0.8909929619,0.8221602715
228,1.119746988388e-01,3.291377446809e-01,1.8182614848,1.2976102980,1.6857748446,0.5228332435,0.1318940772,0.9005096428,-0.6100454736,-0.8906995340,0.8092546120
229,1.112037903431e-01,3.278493777378e-01,1.8221620154,1.3040767989,1.6897507266,0.5148981889,0.1264021820,0.8965049629,-0.6166070411,-0.8929548157,0.8232137904
230,1.098319219878e-01,3.230559313914e-01,1.8173626917,1.3006767715,1.6929368336,0.5188828203,0.1177325652,0.8988370376,-0.6170853986,-0.8923214496,0.8241284448
231,1.097261703185e-01,3.222706530099e-01,1.8188592070,1.3002455112,1.6964575027,0.5238403427,0.1196629307,0.9020001204,-0.6231498813,-0.8896580759,0.8258603239
232,1.087159980337e-01,3.190211114235e-01,1.8195887543,1.2982179726,1.6973197540,0.5200355735,0.1136694962,0.9082657601,-0.6238590312,-0.8875537844,0.8260236244
233,1.076399519974e-01,3.160083501607e-01,1.8138128329,1.3033143645,1.6977224450,0.5196180489,0.1100661979,0.9118079828,-0.6237710160,-0.8839197471,0.8272821805
234,1.065522953748e-01,3.123399552736e-01,1.8099628061,1.3054844086,1.6988982808,0.5187322380,0.1034323487,0.9151651656,-0.6276892038,-0.8861951391,0.8257033471
235,1.058103528234e-01,3.089028341867e-01,1.8053682583,1.3056167973,1.7004445817,0.5177750053,0.0960894995,0.9184989638,-0.6290318863,-0.8839966137,0.8276775071
236,1.049382171778e-01,3.062259432458e-01,1.8064720157,1.3109779738,1.7049518943,0.5158546303,0.0946398338,0.9240036522,-0.6272250011,-0.8869219261,0.8290230129
237,1.046783410672e-01,3.051561302957e-01,1.8068504349,1.3148035327,1.7054372471,0.5145182843,0.0948683141,0.9298890652,-0.6336384933,-0.8842731804,0.8284217768
238,1.042085395674e-01,3.022975397298e-01,1.8045993011,1.3159709141,1.7089720503,0.5130277529,0.0898735125,0.9341015448,-0.6307461452,-0.8815829411,0.8329557604
239,1.032471137661e-01,2.990132763260e-01,1.8039997541,1.3153653081,1.7115646706,0.5118753772,0.0833733948,0.9362344444,-0.6332579646,-0.8875611322,0.8314145471
240,1.028574414440e-01,2.972942719838e-01,1.8003150219,1.3187779338,1.7162041706,0.5176003373,0.0824872811,0.9353997362,-0.6357688199,-0.8905146170,0.8334063311
241,1.034788143432e-01,2.978314992608e-01,1.7990250577,1.3220354077,1.7205906976,0.5115816308,0.0812183730,0.9302811623,-0.6373179340,-0.8897970454,0.8321678563
242,1.035530031812e-01,2.989841741823e-01,1.7973472108,1.3168529958,1.7170678733,0.5160508554,0.0850143450,0.9367050961,-0.6358846563,-0.8916178368,0.8335452755
243,1.010621283930e-01,2.924602770333e-01,1.8008978148,1.3213261340,1.7167732095,0.5215671563,0.0778993742,0.9383620031,-0.6328995549,-0.8899529758,0.8271825434
244,9.972177174200e-02,2.887878476721e-01,1.8015821819,1.3262353952,1.7133515712,0.5245468653,0.0719142419,0.9409952045,-0.6309921773,-0.8921002612,0.8252229419
245,9.879947375449e-02,2.848650194821e-01,1.8067294295,1.3270211603,1.7161727515,0.5290413863,0.0668828000,0.9441333406,-0.6298672486,-0.8924402672,0.8223621268
246,9.769108734590e-02,2.818524814289e-01,1.8028770291,1.3281895834,1.7164512129,0.5310546172,0.0645730585,0.9496547454,-0.6269609924,-0.8946759057,0.8168486942
247,9.746903740651e-02,2.808575666486e-01,1.8015813666,1.3290276715,1.7155176430,0.5373077433,0.0631084577,0.9544396855,-0.6273862564,-0.8995598820,0.8197763121
248,9.697559916443e-02,2.783726590270e-01,1.7981760347,1.3262934905,1.7131962344,0.5404837675,0.0570119769,0.9536391113,-0.6300507525,-0.8957810440,0.8172733644
249,9.593193539939e-02,2.744081307621e-01,1.7964298506,1.3323621389,1.7154136036,0.5414353196,0.0513033266,0.9535001190,-0.6291305770,-0.8970179751,0.8128784308
250,9.571024149866e-02,2.714892385618e-01,1.7984600946,1.3310797839,1.7220465159,0.5446157874,0.0482718265,0.9561128873,-0.6286483043,-0.8963787348,0.8080343614
251,9.498704307182e-02,2.697636832390e-01,1.7995106954,1.3288610519,1.7207323522,0.5393987668,0.0427612441,0.9579694002,-0.6301708726,-0.9015608412,0.8066048379
252,9.464135743717e-02,2.671932774215e-01,1.7984207215,1.3306158077,1.7202529923,0.5368859827,0.0370742933,0.9623378948,-0.6251750867,-0.8986879673,0.8087384928
253,9.313082923584e-02,2.647239666337e-01,1.7998693090,1.3349511831,1.7171805558,0.5356450258,0.0364891523,0.9676394815,-0.6298894090,-0.8971516706,0.8048536479
254,9.210832502874e-02,2.626775817269e-01,1.8014678263,1.3385614192,1.7120733086,0.5357084546,0.0336380055,0.9705974841,-0.6303130932,-0.8981944103,0.7985150906
255,9.029350555144e-02,2.592420185265e-01,1.7969348231,1.3422334903,1.7122051989,0.5330092871,0.0317495852,0.9751574935,-0.6349467502,-0.8987098457,0.7949698674
256,8.773507677793e-02,2.530375026295e-01,1.7916854730,1.3514780052,1.7120909289,0.5282232460,0.0254014556,0.9833068223,-0.6461698469,-0.8991267935,0.7893822053
257,8.652071543999e-02,2.516289108950e-01,1.7801301707,1.3527051732,1.7080587490,0.5252286936,0.0260037329,0.9903725568,-0.6435803152,-0.9033771528,0.7765492533
258,8.483799807497e-02,2.460611023109e-01,1.7793703496,1.3631756400,1.7049986678,0.5221268048,0.0167470688,0.9968613967,-0.6533351857,-0.9045143767,0.7697254322
259,8.436795984188e-02,2.442965999595e-01,1.7831075638,1.3552759317,1.7098993088,0.5208596048,0.0181488004,1.0114576459,-0.6595725135,-0.8992678337,0.7656560408
260,8.431132085942e-02,2.423045336165e-01,1.7785686933,1.3571221367,1.7121515538,0.5173319314,0.0136576187,1.0150069866,-0.6570108360,-0.8969215839,0.7693489371
261,8.331780140012e-02,2.404933891739e-01,1.7764138138,1.3576961030,1.7085161292,0.5168486906,0.0115467463,1.0187820671,-0.6543263265,-0.8988208858,0.7621339340
262,8.481027126479e-02,2.428672034522e-01,1.7695636200,1.3570086477,1.7110405333,0.5158187835,0.0125249769,1.0188434610,-0.6579312238,-0.9026724494,0.7580869111
263,8.271288765392e-02,2.393375165215e-01,1.7757126234,1.3588572595,1.7088904213,0.5208878450,0.0117553133,1.0206877116,-0.6540556862,-0.9000496961,0.7633368402
264,8.150980375151e-02,2.365019169107e-01,1.7760156858,1.3637138013,1.7119806117,0.5235688650,0.0133850213,1.0202206188,-0.6518637490,-0.8941252726,0.7592371448
265,8.127862577153e-02,2.368987439429e-01,1.7797624026,1.3686687514,1.7138763338,0.5207236115,0.0171341056,1.0236661793,-0.6489482289,-0.8980346927,0.7593372050
266,8.149679076035e-02,2.382053051909e-01,1.7792273033,1.3722600452,1.7073060800,0.5227939256,0.0198254361,1.0274481992,-0.6486174716,-0.8938780489,0.7599912830
267,8.079411736756e-02,2.353807440884e-01,1.7811210449,1.3711870268,1.7136385598,0.5205981542,0.0145302861,1.0236875245,-0.6520633395,-0.8983757549,0.7589636608
268,7.878718326195e-02,2.299852332212e-01,1.7856569346,1.3725785496,1.7151287635,0.5251874511,0.0087595007,1.0253544829,-0.6485788467,-0.8980895515,0.7565341137
269,7.724685041715e-02,2.251423297825e-01,1.7866587790,1.3761603259,1.7184472511,0.5303922946,0.0042691127,1.0275514350,-0.6476537540,-0.8989874311,0.7519067750
270,7.632401089689e-02,2.223916733693e-01,1.7894646189,1.3771088854,1.7170835560,0.5271756340,-0.0001544882,1.0273881130,-0.6449086090,-0.8973964036,0.7448811919
271,7.565335585454e-02,2.183253643074e-01,1.7917126095,1.3804101320,1.7211543669,0.5274473656,-0.0063709500,1.0292122261,-0.6422104900,-0.8935521251,0.7467177272
272,7.442371755714e-02,2.144453267144e-01,1.7905755224,1.3845297524,1.7243392300,0.5312499530,-0.0093985590,1.0310887275,-0.6428248046,-0.8950003974,0.7402392871
273,7.443431591057e-02,2.136906016126e-01,1.7952764210,1.3869329960,1.7240098132,0.5319856726,-0.0118969420,1.0354662180,-0.6406208024,-0.9013134298,0.7390731691
274,7.431515335188e-02,2.142054517568e-01,1.7920379558,1.3822958297,1.7256387682,0.5309304726,-0.0085924867,1.0340888005,-0.6447799626,-0.8936303534,0.7393847952
275,7.497834841421e-02,2.143550374846e-01,1.7977615918,1.3832720302,1.7271552596,0.5360895189,-0.0088086188,1.0300263876,-0.6458846556,-0.8909009202,0.7358989016
276,7.441046323280e-02,2.138489597146e-01,1.7920002657,1.3799277243,1.7283460537,0.5299777122,-0.0102272864,1.0321160113,-0.6452959304,-0.8957093834,0.7393635094
277,7.378691957120e-02,2.117831014532e-01,1.7887444051,1.3790574305,1.7216967914,0.5344628718,-0.0151266228,1.0363899043,-0.6457633687,-0.8926703847,0.7385075114
278,7.443618859332e-02,2.124178931387e-01,1.7860832629,1.3760859754,1.7241258796,0.5366989689,-0.0135540114,1.0385238861,-0.6380968423,-0.8916294263,0.7359971384
279,7.352848712934e-02,2.113711376852e-01,1.7895121658,1.3788632537,1.7202263048,0.5312208757,-0.0161131171,1.0357327279,-0.6448646838,-0.8916861099,0.7355888668
280,7.185301481327e-02,2.072115805732e-01,1.7853170980,1.3834299481,1.7216268831,0.5281351143,-0.0199792558,1.0389285045,-0.6488748621,-0.8905772485,0.7328335001
281,7.091391927419e-02,2.007720157196e-01,1.7834183228,1.3902048915,1.7241898490,0.5196972546,-0.0322309932,1.0452112372,-0.6514854267,-0.8828414912,0.7368947483
282,6.990069238403e-02,1.960161355039e-01,1.7747494901,1.3932421370,1.7252567617,0.5209212278,-0.0438289678,1.0374520586,-0.6562400877,-0.8889985403,0.7292950021
283,6.792556105317e-02,1.927677221112e-01,1.7755621469,1.3907036778,1.7261457832,0.5179358558,-0.0456704785,1.0495943827,-0.6671142963,-0.8939600649,0.7198345226
284,7.138354072772e-02,2.000350028081e-01,1.7643125458,1.3982827812,1.7195117006,0.5118000927,-0.0401151862,1.0538338032,-0.6748145843,-0.8930825811,0.7147900549
285,6.861899608791e-02,1.942479613573e-01,1.7741174311,1.3885991025,1.7250743036,0.5157166161,-0.0463867571,1.0501519607,-0.6663740622,-0.8963564941,0.7221357609
286,6.668201324180e-02,1.882933382920e-01,1.7815649189,1.3897884920,1.7284227758,0.5198973278,-0.0519138894,1.0504249802,-0.6692062370,-0.8917955003,0.7175181747
287,6.552653332178e-02,1.849348825395e-01,1.7792159043,1.3886025707,1.7336706971,0.5213736217,-0.0533479453,1.0540592230,-0.6637327391,-0.8907543977,0.7133892175
288,6.522327338638e-02,1.832753683625e-01,1.7773181721,1.3909124993,1.7384503985,0.5261183763,-0.0541357609,1.0568658768,-0.6668647196,-0.8919182320,0.7184924350
289,6.470975538996e-02,1.793593757590e-01,1.7800017813,1.3881732165,1.7419342074,0.5266322824,-0.0620820083,1.0595518565,-0.6657998530,-0.8911994309,0.7175513727
290,6.317420398107e-02,1.755061853749e-01,1.7795382113,1.3918609647,1.7447779418,0.5289835869,-0.0628393276,1.0627139717,-0.6679062844,-0.8873474397,0.7110151075
291,6.183414259456e-02,1.724540393467e-01,1.7760206453,1.3931801187,1.7474044948,0.5286718405,-0.0640162326,1.0690468213,-0.6698229692,-0.8868455347,0.7052293563
292,6.246022636834e-02,1.733034382824e-01,1.7759994602,1.3914867228,1.7549623702,0.5248007897,-0.0621720356,1.0666891678,-0.6729959106,-0.8852540174,0.7033678058
293,6.222086626623e-02,1.728760719516e-01,1.7732604712,1.3907036912,1.7464514109,0.5298903572,-0.0646843619,1.0680988599,-0.6707956975,-0.8842963389,0.7054861954
294,6.030836530341e-02,1.682554028287e-01,1.7737455203,1.3997476099,1.7482873988,0.5308663611,-0.0679889579,1.0698209139,-0.6676837973,-0.8887416010,0.7005878549
295,5.970269430954e-02,1.667781435215e-01,1.7753719900,1.4011247999,1.7489156599,0.5367971187,-0.0680549035,1.0731697566,-0.6672328228,-0.8919364654,0.6944024112
296,5.824829152284e-02,1.630218042683e-01,1.7752622081,1.4074408315,1.7493862716,0.5363672808,-0.0697337640,1.0788282327,-0.6640591725,-0.8883095011,0.6931274188
297,5.716382291713e-02,1.591801367207e-01,1.7738856170,1.4097951161,1.7501649477,0.5342792801,-0.0763734563,1.0842538245,-0.6616163678,-0.8909307038,0.6920157986
298,5.606018581270e-02,1.548808258596e-01,1.7707168757,1.4154722128,1.7522550809,0.5363543722,-0.0812757590,1.0835260161,-0.6588472600,-0.8882632218,0.6888998248
299,5.529488901993e-02,1.517001208556e-01,1.7712292498,1.4192955775,1.7537366567,0.5393112114,-0.0841728798,1.0897556718,-0.6559662413,-0.8864391269,0.6849816774
300,5.360424958249e-02,1.485816031777e-01,1.7726658799,1.4246971153,1.7505092191,0.5379791710,-0.0872316631,1.0903974536,-0.6626304771,-0.8858074092,0.6835711269
301,5.253212170176e-02,1.471110800463e-01,1.7681278572,1.4312221793,1.7514093173,0.5393572199,-0.0863219963,1.0931739888,-0.6657478460,-0.8884022681,0.6865931743
302,5.141551014214e-02,1.461102853033e-01,1.7651909857,1.4368919397,1.7472204215,0.5351367924,-0.0858090759,1.0941587166,-0.6657335560,-0.8892858432,0.6819181275
303,5.109902280312e-02,1.448347631894e-01,1.7689958733,1.4449006174,1.7452512999,0.5342981919,-0.0888110302,1.0935559714,-0.6646772173,-0.8907779427,0.6839395074
304,4.986234179525e-02,1.420725990471e-01,1.7669686434,1.4467798282,1.7447747949,0.5372732876,-0.0925253632,1.0932489080,-0.6690077441,-0.8956126676,0.6787181983
305,4.829691090677e-02,1.386251594067e-01,1.7637626637,1.4516573676,1.7447209081,0.5391426898,-0.0945116990,1.0986807128,-0.6711908193,-0.8957938394,0.6738003674
306,4.632107921005e-02,1.327280408707e-01,1.7510107921,1.4610860546,1.7489434546,0.5432506396,-0.1000892680,1.0968777316,-0.6662424557,-0.8965445676,0.6664264560
307,4.354363958294e-02,1.249518083649e-01,1.7504129756,1.4733259311,1.7508939614,0.5510727477,-0.1087300616,1.1047028752,-0.6705363576,-0.8994342132,0.6617196148
308,3.837451658441e-02,1.125717890393e-01,1.7499272316,1.4935676213,1.7413974101,0.5507018943,-0.1232846232,1.1151732550,-0.6726981357,-0.9017556628,0.6340033834
309,3.654031947587e-02,1.061864826124e-01,1.7397752743,1.4954309457,1.7428694944,0.5425351571,-0.1378868526,1.1387806856,-0.6653292245,-0.9260491214,0.6309059174
310,3.334404358424e-02,9.931113267245e-02,1.7337200894,1.5274629109,1.7406529484,0.5422323939,-0.1388626900,1.1581944769,-0.6629425598,-0.9146821318,0.6264865259
311,3.083280684441e-02,8.904196040646e-02,1.7381065663,1.5518117534,1.7423632935,0.5485087544,-0.1622053556,1.1461297712,-0.6497479427,-0.9217332216,0.6208899413
312,3.617382798890e-02,9.433207007566e-02,1.7219846122,1.5508779185,1.7159543276,0.5594124424,-0.1816745008,1.1485792517,-0.6565291931,-0.9144911810,0.6271674070
313,2.911301307133e-02,8.447151336822e-02,1.7371867696,1.5516391988,1.7461133136,0.5427627496,-0.1669297689,1.1451935925,-0.6540930106,-0.9187052740,0.6217845839
314,2.610685311063e-02,7.767958897331e-02,1.7368597011,1.5592233864,1.7580473378,0.5374543398,-0.1689743014,1.1449451234,-0.6635398543,-0.9211130586,0.6132704285
315,2.434795388762e-02,7.080523413511e-02,1.7406170779,1.5551346015,1.7686741289,0.5394144463,-0.1763472489,1.1515269360,-0.6589223968,-0.9122416810,0.6058751338
316,2.420338705499e-02,6.966799495018e-02,1.7569213960,1.5587199666,1.7682427600,0.5335869244,-0.1808857170,1.1571696876,-0.6645697990,-0.9129991767,0.6073794577
317,2.317062018598e-02,6.752230871178e-02,1.7558756470,1.5602762047,1.7693899240,0.5257137601,-0.1812740514,1.1558548699,-0.6616035660,-0.9111603539,0.6030065327
318,2.255435266561e-02,6.553860735093e-02,1.7541839564,1.5635599835,1.7771836662,0.5223568690,-0.1825200314,1.1560580567,-0.6604368248,-0.9101709808,0.6062329780
319,2.200935798113e-02,6.407469351343e-02,1.7539325762,1.5670455979,1.7821650389,0.5219271960,-0.1815464493,1.1565272145,-0.6619489850,-0.9118411129,0.5987133592
320,2.031337975388e-02,5.962780942199e-02,1.7501496458,1.5681702620,1.7824660773,0.5191456059,-0.1882636972,1.1567857853,-0.6656508447,-0.9083874279,0.5963098789
321,1.905417429006e-02,5.561234043544e-02,1.7477079432,1.5712380285,1.7833210973,0.5166519970,-0.1958073328,1.1564675145,-0.6651055845,-0.9053049619,0.5930127418
322,1.908458880898e-02,5.553464368672e-02,1.7444848780,1.5744614361,1.7823299133,0.5146078571,-0.1946408874,1.1627484126,-0.6665044076,-0.8998235361,0.5918958128
323,1.876233000085e-02,5.472644328350e-02,1.7464669535,1.5700341231,1.7831671006,0.5157155924,-0.1969836523,1.1593672498,-0.6641973990,-0.9085442511,0.5930131078
324,1.850717525921e-02,5.274245190652e-02,1.7441660834,1.5656829595,1.7864333958,0.5108724629,-0.2018934050,1.1586595719,-0.6674001634,-0.9082726722,0.5904225770
325,1.754687273202e-02,5.003381800671e-02,1.7440262980,1.5703329741,1.7896520786,0.5106568197,-0.2050219776,1.1592856773,-0.6640655658,-0.9112766875,0.5842884284
326,1.659209881727e-02,4.723516028682e-02,1.7454982576,1.5732798006,1.7916081298,0.5151241485,-0.2106823848,1.1619574171,-0.6686825611,-0.9129874918,0.5856828761
327,1.615422258424e-02,4.533679419837e-02,1.7450211786,1.5766018358,1.7966792673,0.5135596362,-0.2153177778,1.1628464862,-0.6648879747,-0.9131316857,0.5905691174
328,1.546682719410e-02,4.291109359146e-02,1.7460020456,1.5797598364,1.8013589282,0.5141236138,-0.2208334289,1.1603004890,-0.6680998505,-0.9112037752,0.5865803656
329,1.513745344903e-02,4.140758279113e-02,1.7447975386,1.5808264244,1.8068496987,0.5128779563,-0.2218260307,1.1668019790,-0.6711032940,-0.9137019543,0.5838979920
330,1.395704698416e-02,3.810289715624e-02,1.7500873589,1.5820527461,1.8041723289,0.5115431849,-0.2284702931,1.1700645521,-0.6698608475,-0.9142762446,0.5816844152
331,1.344909932652e-02,3.698366938983e-02,1.7495069424,1.5877937065,1.8007938603,0.5079465987,-0.2324539983,1.1693895048,-0.6725279828,-0.9186225676,0.5815254224
332,1.248155441364e-02,3.372532632293e-02,1.7482671520,1.5887005426,1.7993190540,0.5112498171,-0.2405023845,1.1718834287,-0.6704557032,-0.9194804081,0.5786051737
333,1.243564097060e-02,3.254218583451e-02,1.7539983105,1.5913753554,1.8002849922,0.5140603434,-0.2458680124,1.1729448711,-0.6690135724,-0.9232824866,0.5764337827
334,1.225982856305e-02,3.086630660030e-02,1.7537896850,1.5868580926,1.7995210758,0.5112129159,-0.2529157788,1.1740851188,-0.6727035687,-0.9217474008,0.5784125859
335,1.191820319780e-02,2.943304843844e-02,1.7521944403,1.5897228194,1.8013880521,0.5058538538,-0.2558907160,1.1751437564,-0.6666134219,-0.9186778744,0.5776638924
336,1.115535906620e-02,2.757059897748e-02,1.7455311107,1.5917446692,1.8048808964,0.5065700033,-0.2583936733,1.1793795789,-0.6683574034,-0.9209148976,0.5751052601
337,1.002235174496e-02,2.546025857944e-02,1.7451579687,1.5968119088,1.8023817325,0.5085995537,-0.2595503370,1.1842379118,-0.6709913588,-0.9152679075,0.5748783995
338,8.989657415872e-03,2.307950381364e-02,1.7453997165,1.6028590799,1.8041928679,0.5087618840,-0.2627017016,1.1901858627,-0.6740334913,-0.9131471396,0.5738757674
339,7.869204499556e-03,2.046070285068e-02,1.7430143876,1.6064430827,1.7983738684,0.5065523571,-0.2657664633,1.1969102231,-0.6782751356,-0.9080366951,0.5582551276
340,7.447806212438e-03,1.988095906910e-02,1.7396849798,1.6094501173,1.7902112554,0.5067683474,-0.2673915506,1.2135890350,-0.6750207411,-0.9106173304,0.5621440149
341,7.409901863056e-03,1.892655588550e-02,1.7357300593,1.6152989794,1.7900953288,0.5099258272,-0.2720981662,1.2137451274,-0.6767943503,-0.9067690758,0.5619570679
342,6.869814092859e-03,1.761315099118e-02,1.7396170502,1.6184936295,1.7955121020,0.5072087173,-0.2731435457,1.2184894962,-0.6799472196,-0.9078266468,0.5601403396
343,7.264423963434e-03,1.776506874488e-02,1.7383572776,1.6184311440,1.7946600066,0.5042661170,-0.2752123672,1.2211424674,-0.6808202476,-0.9094909538,0.5515279224
344,7.234350353765e-03,1.818282544781e-02,1.7408624645,1.6209411224,1.7934510972,0.5041651313,-0.2737710990,1.2169148906,-0.6792982599,-0.9082012001,0.5608565245
345,5.702741789659e-03,1.544857210166e-02,1.7431505039,1.6170810225,1.7974057032,0.5073872738,-0.2739560797,1.2210739148,-0.6749876804,-0.9007972824,0.5593965567
346,5.850139601513e-03,1.506055752114e-02,1.7467402888,1.6124170015,1.7954543917,0.5074736437,-0.2780564191,1.2228322512,-0.6800843241,-0.8973132701,0.5612744881
347,6.448332776128e-03,1.646363251551e-02,1.7402829016,1.6162383851,1.7984680456,0.5043021522,-0.2730597679,1.2214679848,-0.6757549229,-0.8991234146,0.5604315024
348,5.734904936052e-03,1.665153202369e-02,1.7478975601,1.6197703299,1.7969931379,0.5125161500,-0.2689007535,1.2234741358,-0.6749218746,-0.8978919184,0.5573978953
349,5.740542218041e-03,1.564845430969e-02,1.7423443446,1.6173819079,1.7954408475,0.5074457925,-0.2741383073,1.2249431386,-0.6737741048,-0.9019319963,0.5610186084
350,5.053049356859e-03,1.357461769444e-02,1.7462434184,1.6163052574,1.8022967647,0.5109666420,-0.2788757779,1.2213510816,-0.6699475862,-0.9025849255,0.5598647871
351,5.682268874724e-03,1.420741636869e-02,1.7489784699,1.6154990612,1.8052695413,0.5152071564,-0.2813035612,1.2278583219,-0.6673331724,-0.9032173728,0.5629594148
352,4.907379751086e-03,1.302634489549e-02,1.7442581422,1.6192425355,1.8020682221,0.5124619547,-0.2812444754,1.2213249112,-0.6707029566,-0.9005958985,0.5597965349
353,5.351802427446e-03,1.338359009465e-02,1.7470964348,1.6200114746,1.7975544009,0.5099736532,-0.2842377354,1.2202225536,-0.6646675550,-0.8975306357,0.5568317590
354,4.703171343307e-03,1.254496636225e-02,1.7465870036,1.6214324650,1.8043829291,0.5098091617,-0.2817339629,1.2218564858,-0.6719559589,-0.9003127226,0.5593349492
355,4.923789292010e-03,1.268434033761e-02,1.7484934587,1.6199817697,1.8096054040,0.5129459044,-0.2824664305,1.2154079177,-0.6735798389,-0.8975968049,0.5570958026
356,5.291289556467e-03,1.365824094857e-02,1.7476119693,1.6222848156,1.8041867927,0.5097666605,-0.2810050852,1.2204492279,-0.6710528711,-0.8991984738,0.5636493335
357,4.286055137067e-03,1.129493767912e-02,1.7474463032,1.6212978243,1.8082742019,0.5129120517,-0.2850617515,1.2291366374,-0.6723852753,-0.9019170383,0.5565707822
358,5.254423491066e-03,1.248802066388e-02,1.7470531289,1.6185235971,1.8110677265,0.5210149666,-0.2873896786,1.2319804481,-0.6707707042,-0.9016904191,0.5581592939
359,4.357749488027e-03,1.153700526386e-02,1.7496857312,1.6224932911,1.8063514071,0.5144996007,-0.2862097025,1.2280180069,-0.6737116363,-0.9047472336,0.5565684471
360,4.203744166161e-03,1.076492986527e-02,1.7422818803,1.6241897055,1.8105477046,0.5089025624,-0.2858300769,1.2289892075,-0.6736742471,-0.9065246024,0.5520743631
361,4.783703315433e-03,1.147868982499e-02,1.7490875121,1.6226028902,1.8139490620,0.5038822710,-0.2850723500,1.2307110506,-0.6718726775,-0.9080500900,0.5497762823
362,4.405703028467e-03,1.133366746635e-02,1.7423193839,1.6260679040,1.8119688560,0.5110314800,-0.2839396984,1.2286904828,-0.6705016131,-0.9076083337,0.5519472624
363,4.192907483649e-03,1.001077042282e-02,1.7377693386,1.6204867357,1.8124542982,0.5132009836,-0.2908538179,1.2320792881,-0.6766758229,-0.9063951820,0.5521004198
364,4.292306379630e-03,9.862094860030e-03,1.7362969982,1.6250586115,1.8137889848,0.5104530385,-0.2928444965,1.2333999614,-0.6785400674,-0.9060692612,0.5597364504
365,4.777905056695e-03,1.130569494083e-02,1.7379822028,1.6203456460,1.8135625777,0.5140440721,-0.2873756297,1.2330045074,-0.6797982117,-0.9068797558,0.5523407393
366,3.357452710402e-03,8.398294003227e-03,1.7363586746,1.6243385330,1.8074104344,0.5126058159,-0.2946774923,1.2337837973,-0.6751912280,-0.9014568679,0.5484587044
367,2.924294533482e-03,7.055496119577e-03,1.7361723347,1.6253108407,1.8071170339,0.5157333888,-0.3007400290,1.2357855967,-0.6687619677,-0.8989134463,0.5476930896
368,2.651575897192e-03,6.891069859128e-03,1.7351974858,1.6292498916,1.8046440534,0.5192147974,-0.3010553601,1.2407707259,-0.6695789989,-0.8936010246,0.5443082116
369,2.524223275129e-03,6.372185581161e-03,1.7341047034,1.6330733944,1.7995543537,0.5200417442,-0.3067931994,1.2383569240,-0.6702061094,-0.8963342837,0.5409939159
370,2.667161111107e-03,6.483554947831e-03,1.7326574420,1.6280646064,1.8010598871,0.5266008522,-0.3086302284,1.2397658086,-0.6710214065,-0.8980442485,0.5366833906
371,2.585608941814e-03,6.790488779232e-03,1.7333659977,1.6320888647,1.7969743390,0.5194489266,-0.3058861367,1.2412924736,-0.6689935963,-0.8985497921,0.5418052278
372,3.206076308079e-03,6.952212959493e-03,1.7296274011,1.6306662056,1.7958751371,0.5184217951,-0.3081026424,1.2357137981,-0.6675745052,-0.8898411874,0.5405335451
373,2.189843513089e-03,5.698461160405e-03,1.7310167731,1.6343033717,1.8018575738,0.5183331853,-0.3065097759,1.2390207502,-0.6693306446,-0.8972893685,0.5391155588
374,1.860340852967e-03,4.725734857820e-03,1.7351587670,1.6342368794,1.8043035822,0.5131216230,-0.3102226483,1.2430860251,-0.6696834549,-0.8971100933,0.5347306265
375,1.681717309215e-03,3.883230431694e-03,1.7325048824,1.6382972763,1.8085990027,0.5133343168,-0.3149408823,1.2470603063,-0.6718300173,-0.8982167767,0.5384836354
376,1.683163231970e-03,4.180418203697e-03,1.7344564236,1.6445906462,1.8119929129,0.5143875450,-0.3133347362,1.2481311225,-0.6669893332,-0.9005980586,0.5351477714
377,1.773423186835e-03,4.307643485907e-03,1.7320562242,1.6400378981,1.8074017898,0.5141255367,-0.3131088092,1.2490091116,-0.6743753436,-0.8962751473,0.5369648699
378,2.685079210224e-03,5.315498233204e-03,1.7313877376,1.6384974287,1.8115042816,0.5086656949,-0.3139326733,1.2446949954,-0.6766165866,-0.9042224681,0.5367852554
379,1.885658302404e-03,4.172871549817e-03,1.7326978821,1.6405212217,1.8073325172,0.5100308881,-0.3143121412,1.2461090986,-0.6711601274,-0.8968303627,0.5404404655
380,1.527525700824e-03,3.124906726175e-03,1.7282120704,1.6362253015,1.8096235013,0.5141855240,-0.3192464210,1.2490266394,-0.6671108330,-0.8935516968,0.5354725336
381,1.832544779981e-03,3.200634015817e-03,1.7329338026,1.6380969421,1.8101588109,0.5179453280,-0.3246293950,1.2449629135,-0.6688283995,-0.8902584706,0.5347697719
382,1.543017525033e-03,3.199347484109e-03,1.7275917935,1.6372892489,1.8059689667,0.5143664932,-0.3212826118,1.2494145089,-0.6668344564,-0.8957739946,0.5345874390
383,2.032476317003e-03,4.233800941910e-03,1.7321549534,1.6331674172,1.8088625353,0.5162802059,-0.3194323925,1.2560443275,-0.6640136453,-0.8938804442,0.5388121559
384,1.429209259548e-03,3.078159052898e-03,1.7270531863,1.6382081036,1.8087976619,0.5127086198,-0.3179645731,1.2496630535,-0.6659168965,-0.8908002799,0.5330604201
385,1.632107727148e-03,3.252508758984e-03,1.7245626074,1.6376564714,1.8107575593,0.5108914391,-0.3182984700,1.2494544151,-0.6667449342,-0.8920008074,0.5300492002
386,1.436999001679e-03,3.042411566217e-03,1.7265730420,1.6388969752,1.8091507588,0.5127377200,-0.3183664179,1.2501187006,-0.6661814505,-0.8907126045,0.5335943898
387,1.452915039370e-03,3.192001566946e-03,1.7257455728,1.6384023907,1.8084299370,0.5140922103,-0.3170066564,1.2487571000,-0.6651921256,-0.8906578247,0.5334714099
388,1.408940283187e-03,3.064290475496e-03,1.7272191149,1.6384183918,1.8089876992,0.5128171344,-0.3179038384,1.2497359132,-0.6656681057,-0.8910172779,0.5329491783
389,1.398829364378e-03,3.096760196146e-03,1.7274888700,1.6383156270,1.8089039189,0.5129645373,-0.3177316344,1.2504784672,-0.6651279359,-0.8908974912,0.5329765975
390,1.407560243772e-03,3.094459323517e-03,1.7276672184,1.6385502340,1.8088760737,0.5123777613,-0.3176803873,1.2502049256,-0.6645577168,-0.8909817295,0.5333745583
391,1.388145314307e-03,3.042196480846e-03,1.7274875717,1.6382361465,1.8089954583,0.5130711801,-0.3180931056,1.2503660457,-0.6649250766,-0.8907119341,0.5329055646
392,1.357484685124e-03,3.019338363425e-03,1.7281306504,1.6387518179,1.8090027609,0.5134496254,-0.3181582680,1.2502483220,-0.6649289871,-0.8904111618,0.5326435068
393,1.326589575326e-03,2.973103110066e-03,1.7283304554,1.6390414010,1.8094319359,0.5136144045,-0.3182934943,1.2503110744,-0.6646281706,-0.8904315620,0.5319007111
394,1.311469241159e-03,2.961072800929e-03,1.7287554090,1.6391929413,1.8095029094,0.5138741744,-0.3184806149,1.2505954661,-0.6643177317,-0.8899434451,0.5313778257
395,1.333747889389e-03,2.983571552182e-03,1.7291934163,1.6389760453,1.8102727173,0.5142025990,-0.3184029969,1.2504771224,-0.6643191899,-0.8899875445,0.5315744527
396,1.308939573819e-03,2.942884480503e-03,1.7289959324,1.6391220535,1.8094611572,0.5137024857,-0.3187529346,1.2507330534,-0.6644680293,-0.8901430740,0.5313584924
397,1.312888130476e-03,2.971532130963e-03,1.7289981717,1.6394208083,1.8090763805,0.5142419584,-0.3190453432,1.2506312811,-0.6641588136,-0.8906349302,0.5311628923
398,1.316958300720e-03,2.965701435701e-03,1.7291401317,1.6388416465,1.8093122956,0.5136654133,-0.3186190341,1.2504728865,-0.6644436632,-0.8901676334,0.5311579150
399,1.268175378973e-03,2.832786762708e-03,1.7288405523,1.6396613865,1.8095836108,0.5134712149,-0.3191319217,1.2504173583,-0.6648460751,-0.8898672842,0.5309657806
400,1.248553185395e-03,2.857018597793e-03,1.7288472808,1.6401115658,1.8095647534,0.5134818775,-0.3187695319,1.2507455337,-0.6654106960,-0.8899385434,0.5304821237
401,1.220265077031e-03,2.794254867185e-03,1.7289235898,1.6405705951,1.8093528741,0.5134003991,-0.3191543990,1.2508927767,-0.6656472023,-0.8892835744,0.5302042485
402,1.196765528876e-03,2.721565812809e-03,1.7285560037,1.6407133439,1.8096521206,0.5130515790,-0.3194412486,1.2511509090,-0.6654408998,-0.8892111095,0.5295435273
403,1.164979921691e-03,2.631940027375e-03,1.7286422925,1.6412080551,1.8102000844,0.5130633690,-0.3197978705,1.2510366220,-0.6657631941,-0.8889768907,0.5291582496
404,1.144744912834e-03,2.587377126221e-03,1.7288264698,1.6412147712,1.8101533445,0.5128711183,-0.3198868691,1.2505917467,-0.6660021549,-0.8887158983,0.5283863464
405,1.122346328322e-03,2.569811487326e-03,1.7289543685,1.6416571359,1.8103802554,0.5129006628,-0.3198904290,1.2509956642,-0.6663579527,-0.8884681281,0.5277663062
406,1.110537086529e-03,2.558210293506e-03,1.7292268964,1.6423639230,1.8104246894,0.5123326959,-0.3197887941,1.2508431566,-0.6661013015,-0.8884666581,0.5277198350
407,1.102142715616e-03,2.495104329190e-03,1.7288225744,1.6428360263,1.8105073826,0.5120414599,-0.3202016244,1.2507064144,-0.6665837873,-0.8883091925,0.5274454804
408,1.099481954379e-03,2.446960531868e-03,1.7293363312,1.6425148283,1.8107041864,0.5115329976,-0.3206503815,1.2509931528,-0.6668051320,-0.8883022372,0.5275000372
409,1.092360234664e-03,2.414041329918e-03,1.7293114024,1.6425034676,1.8112096729,0.5114117942,-0.3205002708,1.2509328911,-0.6666464527,-0.8874836800,0.5274124997
410,1.048971872072e-03,2.330950256887e-03,1.7296106547,1.6428255487,1.8112945944,0.5117397803,-0.3210782164,1.2509072024,-0.6662569094,-0.8873501416,0.5269792934
411,9.939467519965e-04,2.218803476375e-03,1.7301967893,1.6434541339,1.8120600956,0.5122585687,-0.3219143779,1.2507167447,-0.6656584354,-0.8874543058,0.5258383588
412,9.660279868896e-04,2.194017326864e-03,1.7306538758,1.6435484117,1.8109647759,0.5121916157,-0.3224273067,1.2506714003,-0.6651702877,-0.8866715377,0.5246293056
413,9.857158721751e-04,2.252759126370e-03,1.7317367555,1.6443877748,1.8108403464,0.5130945106,-0.3228647412,1.2502966769,-0.6657358028,-0.8860424388,0.5251240780
414,9.660186612192e-04,2.194915571406e-03,1.7307683543,1.6433979439,1.8110580066,0.5121315073,-0.3222314304,1.2503401609,-0.6653309766,-0.8866394210,0.5244649596
415,9.519668605658e-04,2.155497290550e-03,1.7307098585,1.6435305936,1.8115774867,0.5119933173,-0.3223236989,1.2504996498,-0.6649086211,-0.8862851762,0.5238714931
416,9.476107650810e-04,2.126885137156e-03,1.7311701530,1.6434063993,1.8116995815,0.5115908141,-0.3227495147,1.2507863031,-0.6650270428,-0.8866853251,0.5234738039
417,9.495051693097e-04,2.062293291426e-03,1.7310575666,1.6432469282,1.8117678988,0.5113968111,-0.3233407803,1.2502232846,-0.6645410049,-0.8867005463,0.5236024100
418,9.384911040844e-04,2.121064953905e-03,1.7311619877,1.6437857560,1.8116344433,0.5113320639,-0.3226389734,1.2506771250,-0.6649953202,-0.8867835205,0.5234800698
419,9.138932631825e-04,2.058260894078e-03,1.7305746250,1.6441052007,1.8116024037,0.5114229568,-0.3229534308,1.2505524395,-0.6654222731,-0.8869018043,0.5229974081
420,9.114498447564e-04,2.086678725726e-03,1.7304029763,1.6445145393,1.8114954753,0.5116662886,-0.3228409195,1.2504317523,-0.6651412270,-0.8873741268,0.5223625577
421,8.913702633799e-04,2.029714516121e-03,1.7299839141,1.6448409184,1.8113726464,0.5110820589,-0.3229684654,1.2504911336,-0.6654154258,-0.8870295408,0.5219781963
422,8.945193120262e-04,2.027272882069e-03,1.7298765605,1.6445823472,1.8114053860,0.5111160346,-0.3231778558,1.2509979082,-0.6658998887,-0.8869472829,0.5213639859
423,9.069910025963e-04,2.046332351420e-03,1.7297126300,1.6446660394,1.8115457852,0.5109168647,-0.3228141859,1.2505696494,-0.6653727062,-0.8872575582,0.5220472781
424,8.661463612580e-04,1.970606352995e-03,1.7301179853,1.6455792630,1.8117336029,0.5111291469,-0.3232859602,1.2502887872,-0.6657376271,-0.8867870793,0.5219740796
425,8.670474558835e-04,1.971643263063e-03,1.7303501556,1.6455665677,1.8115690073,0.5109872231,-0.3231233297,1.2495616560,-0.6662751478,-0.8867512354,0.5217431684
426,8.644870907812e-04,1.976043809601e-03,1.7302216152,1.6455593593,1.8119687178,0.5111084568,-0.3230930336,1.2502407648,-0.6655136429,-0.8866239619,0.5217155171
427,8.402256249772e-04,1.955738635726e-03,1.7303782097,1.6463331553,1.8116379295,0.5110621254,-0.3233401531,1.2502826497,-0.6653138370,-0.8863147309,0.5214570953
428,8.187525253269e-04,1.919051745550e-03,1.7304815136,1.6471480694,1.8119816649,0.5111559437,-0.3236602314,1.2503661524,-0.6654798265,-0.8862016282,0.5212368232
429,8.110137405190e-04,1.899303087385e-03,1.7301543710,1.6479237684,1.8120201160,0.5106653291,-0.3236762808,1.2502761838,-0.6653154588,-0.8861328099,0.5211420445
430,7.973917655832e-04,1.907277654183e-03,1.7305798856,1.6481506995,1.8121897024,0.5107354764,-0.3234643229,1.2500644875,-0.6651774074,-0.8858398292,0.5204077952
431,7.956820090877e-04,1.924032867728e-03,1.7301889492,1.6484050705,1.8121346371,0.5112870623,-0.3233186910,1.2499657375,-0.6652901739,-0.8851829411,0.5204052469
432,7.893817130926e-04,1.938488796465e-03,1.7305751338,1.6487748994,1.8114000020,0.5113789018,-0.3236808238,1.2499861420,-0.6653686704,-0.8851331599,0.5202447215
433,7.737121394530e-04,1.907915377043e-03,1.7308383392,1.6492968132,1.8118973528,0.5115992599,-0.3240325098,1.2500688618,-0.6657867978,-0.8852465212,0.5200344683
434,7.626905650324e-04,1.893475963000e-03,1.7308330916,1.6501020863,1.8120705321,0.5113022850,-0.3240888465,1.2498732935,-0.6659178160,-0.8852413889,0.5196164854
435,7.437428382275e-04,1.798119999252e-03,1.7307326836,1.6499641518,1.8122720682,0.5112759351,-0.3248715167,1.2494847787,-0.6656285571,-0.8850226607,0.5194306034
436,7.421233692318e-04,1.771430069073e-03,1.7311786645,1.6500706541,1.8125459050,0.5109127890,-0.3251813520,1.2495863891,-0.6656771772,-0.8843514616,0.5195845570
437,7.449838017293e-04,1.786356554913e-03,1.7314416694,1.6504838396,1.8128191819,0.5113166815,-0.3255003112,1.2493002558,-0.6651108390,-0.8844829347,0.5195587641
438,7.347985232043e-04,1.761913137474e-03,1.7310491706,1.6501096337,1.8125589879,0.5109061948,-0.3252553821,1.2499925626,-0.6654848927,-0.8843271011,0.5194313473
439,7.097852932354e-04,1.688057352025e-03,1.7308766017,1.6499946975,1.8126508078,0.5109315514,-0.3257553111,1.2501307137,-0.6657394840,-0.8842484780,0.5186516533
440,7.008319154889e-04,1.618910735385e-03,1.7303603106,1.6501850179,1.8126715520,0.5108206944,-0.3264965845,1.2503440678,-0.6660192167,-0.8843252588,0.5185785087
441,6.958807518104e-04,1.611320297751e-03,1.7303553318,1.6502154898,1.8119642013,0.5106048182,-0.3267535582,1.2502773714,-0.6657721866,-0.8840887554,0.5180640600
442,6.748366513419e-04,1.573383933576e-03,1.7305826190,1.6502573605,1.8122855276,0.5105635091,-0.3269917434,1.2507122746,-0.6660549618,-0.8837618494,0.5174245852
443,6.696018017956e-04,1.554724783629e-03,1.7300181514,1.6502721065,1.8125822265,0.5107649883,-0.3268714958,1.2506331061,-0.6660179225,-0.8831457591,0.5170361674
444,6.606284003542e-04,1.519069413795e-03,1.7300119629,1.6505880263,1.8127349073,0.5105515805,-0.3273853635,1.2511909706,-0.6663014719,-0.8828223079,0.5167696932
445,6.522718493893e-04,1.471055507113e-03,1.7300938968,1.6503717871,1.8128847426,0.5106105286,-0.3277793449,1.2507840709,-0.6668733506,-0.8829246132,0.5162575392
446,6.254143205653e-04,1.437084459926e-03,1.7302882230,1.6505132407,1.8132162632,0.5110144815,-0.3281273155,1.2508786072,-0.6663711824,-0.8831531294,0.5157730485
447,6.100295841822e-04,1.399290507908e-03,1.7301846538,1.6507544145,1.8131198413,0.5112316326,-0.3287704462,1.2507732229,-0.6659239251,-0.8832581350,0.5152843068
448,6.073109516201e-04,1.366490379086e-03,1.7301407750,1.6505037391,1.8135839042,0.5107100004,-0.3288197193,1.2508904615,-0.6655592492,-0.8835180881,0.5148036353
449,6.116727563986e-04,1.367055465217e-03,1.7302781759,1.6498665253,1.8135952849,0.5112025016,-0.3291674107,1.2512898213,-0.6654203157,-0.8833838517,0.5146824200
450,6.127930120699e-04,1.386934278934e-03,1.7299096151,1.6505308685,1.8134572167,0.5108154607,-0.3286854813,1.2510943402,-0.6656853902,-0.8837872070,0.5146596402
451,6.001692517275e-04,1.392292866712e-03,1.7307063546,1.6510157523,1.8138409528,0.5109548956,-0.3287596856,1.2507770547,-0.6654494402,-0.8833707783,0.5143120144
452,5.872886236734e-04,1.330855670937e-03,1.7307436237,1.6510109045,1.8138137049,0.5107808998,-0.3293013135,1.2501840376,-0.6658199928,-0.8832578073,0.5138967207
453,5.739698012071e-04,1.281634107251e-03,1.7306860999,1.6515209066,1.8140001073,0.5104895007,-0.3299667176,1.2504447112,-0.6659076680,-0.8829440356,0.5138879650
454,5.659834570292e-04,1.256070453212e-03,1.7302240492,1.6517083571,1.8140553697,0.5104636851,-0.3300370526,1.2501818588,-0.6656509964,-0.8822466585,0.5135395435
455,5.532436589306e-04,1.247252074156e-03,1.7302584644,1.6521647343,1.8139920446,0.5108396424,-0.3304632468,1.2502717794,-0.6659642333,-0.8820752837,0.5129668588
456,5.517696990403e-04,1.221696430374e-03,1.7300105281,1.6524279802,1.8146555830,0.5112076050,-0.3308486472,1.2499275556,-0.6660073282,-0.8822044046,0.5130562826
457,5.475938717528e-04,1.206710732780e-03,1.7302126923,1.6528797423,1.8143781635,0.5110363396,-0.3314883620,1.2497295902,-0.6658440571,-0.8820068688,0.5126893438
458,5.405105062911e-04,1.185574884861e-03,1.7303700351,1.6529712031,1.8147187201,0.5108108840,-0.3315336584,1.2498089331,-0.6664847081,-0.8814621071,0.5123986151
459,5.451204585033e-04,1.171903415003e-03,1.7297514146,1.6531960282,1.8146955566,0.5104009102,-0.3315336331,1.2499369535,-0.6667520207,-0.8818275587,0.5119782020
460,5.410773751870e-04,1.213302757559e-03,1.7304734466,1.6533593258,1.8147598014,0.5107888130,-0.3312498674,1.2497813800,-0.6664335738,-0.8814785578,0.5124466800
461,5.257118619292e-04,1.178253886677e-03,1.7305184129,1.6529998931,1.8151145386,0.5109827108,-0.3316467990,1.2504580718,-0.6660941598,-0.8812272055,0.5120125120
462,5.225850380277e-04,1.189381448571e-03,1.7304112794,1.6532518241,1.8151060787,0.5113830910,-0.3319114638,1.2510673621,-0.6661151831,-0.8806607525,0.5120581656
463,5.191602869757e-04,1.209110926183e-03,1.7307047148,1.6531200941,1.8153233418,0.5117871890,-0.3317971130,1.2510194446,-0.6659828490,-0.8804497879,0.5112780029
464,5.220367235230e-04,1.185154815025e-03,1.7307757984,1.6531575091,1.8161391881,0.5115645372,-0.3321353355,1.2510124580,-0.6656395625,-0.8802413806,0.5113294395
465,5.217156709720e-04,1.215942672183e-03,1.7308563614,1.6532162421,1.8154483470,0.5119839318,-0.3319680881,1.2510726266,-0.6661853904,-0.8807484167,0.5113120888
466,5.198688820414e-04,1.224855968340e-03,1.7312892593,1.6529370598,1.8150733215,0.5113451582,-0.3317320361,1.2515946198,-0.6659264222,-0.8803846011,0.5111217659
467,5.187589322108e-04,1.205945691246e-03,1.7307869062,1.6533432088,1.8151123226,0.5117299974,-0.3321134991,1.2508641327,-0.6659080208,-0.8803706688,0.5111801081
468,5.206025786261e-04,1.227420974717e-03,1.7306413379,1.6534061917,1.8149153261,0.5121398647,-0.3320956526,1.2511167471,-0.6661151476,-0.8795576637,0.5111858411
469,5.346425376477e-04,1.241880208612e-03,1.7309929160,1.6532297325,1.8150331163,0.5119521632,-0.3321017446,1.2507924359,-0.6656349516,-0.8803663137,0.5114233929
470,5.021538337066e-04,1.170730183527e-03,1.7301596030,1.6535734058,1.8150906330,0.5115054835,-0.3321377462,1.2512314751,-0.6659108647,-0.8805562699,0.5106033595
471,4.988656540520e-04,1.109464941785e-03,1.7298888709,1.6528521777,1.8150208601,0.5113509171,-0.3326058757,1.2511362815,-0.6662206461,-0.8805455984,0.5103720813
472,5.011605865019e-04,1.113646515955e-03,1.7292301825,1.6528368666,1.8151579774,0.5113276090,-0.3323064909,1.2516738010,-0.6663290850,-0.8805877725,0.5099790741
473,4.988532077949e-04,1.107680184108e-03,1.7299129152,1.6529153379,1.8150094532,0.5114527539,-0.3329337718,1.2514547406,-0.6661266298,-0.8806101620,0.5104860648
474,4.937918479332e-04,1.085101852641e-03,1.7300580751,1.6534124726,1.8150843042,0.5109544259,-0.3332713604,1.2514190400,-0.6666716080,-0.8805761071,0.5102321934
475,4.918381108636e-04,1.072409689318e-03,1.7299570330,1.6536097620,1.8146776967,0.5106868842,-0.3336291846,1.2511005471,-0.6662685631,-0.8808363175,0.5097278833
476,4.995216362594e-04,1.033410614811e-03,1.7299152764,1.6529424369,1.8146061756,0.5104888421,-0.3341563079,1.2509563334,-0.6666864681,-0.8807485034,0.5095617955
477,4.870915569699e-04,1.078432893189e-03,1.7301572639,1.6536020185,1.8148230924,0.5109380280,-0.3336957924,1.2512288665,-0.6662476401,-0.8808140117,0.5094057082
478,4.839579780060e-04,1.083342365828e-03,1.7300229520,1.6539699511,1.8148491075,0.5110502787,-0.3341224922,1.2520090138,-0.6661015252,-0.8809583936,0.5093854447
479,4.908737003986e-04,1.108730086712e-03,1.7300284214,1.6541837438,1.8148129126,0.5115055849,-0.3341070027,1.2518464699,-0.6664966296,-0.8817082797,0.5093619517
480,4.826900511448e-04,1.096764813112e-03,1.7300819275,1.6540591787,1.8145365679,0.5109860175,-0.3339574696,1.2521481940,-0.6663426480,-0.8808516737,0.5092418589
481,4.782748564899e-04,1.089419477889e-03,1.7300712615,1.6545590626,1.8150986600,0.5106095060,-0.3338495192,1.2521661148,-0.6664732512,-0.8806343104,0.5087770843
482,4.742894388718e-04,1.102115762089e-03,1.7299774244,1.6546796649,1.8148129779,0.5105873917,-0.3337778615,1.2521366079,-0.6658098468,-0.8806207267,0.5081075688
483,4.760927031477e-04,1.095537344346e-03,1.7294970245,1.6551404437,1.8146147739,0.5100846492,-0.3339145541,1.2525180241,-0.6655826210,-0.8806516600,0.5083269141
484,4.808860836220e-04,1.101347111200e-03,1.7300742025,1.6544269994,1.8148616053,0.5103105576,-0.3337508385,1.2522779780,-0.6658267129,-0.8808806781,0.5080115613
485,4.630066921680e-04,1.079330259247e-03,1.7298342413,1.6548110671,1.8147662025,0.5108860078,-0.3342759024,1.2520878552,-0.6659056310,-0.8799206579,0.5077594595
486,4.624963040794e-04,1.120378756205e-03,1.7302999430,1.6552866094,1.8147487184,0.5111924070,-0.3343541719,1.2521524333,-0.6656560649,-0.8792963294,0.5077387336
487,4.541673425655e-04,1.069359086268e-03,1.7299583449,1.6551737997,1.8147644606,0.5110835467,-0.3350078613,1.2523246357,-0.6659935365,-0.8788382866,0.5074597487
488,4.528378541537e-04,1.072030382975e-03,1.7295621635,1.6556092191,1.8147040415,0.5115587638,-0.3352837811,1.2520977537,-0.6663260686,-0.8789675572,0.5070485640
489,4.467607587161e-04,1.054275825887e-03,1.7298344055,1.6552576784,1.8147398544,0.5114651148,-0.3356048663,1.2522395773,-0.6663152954,-0.8788982948,0.5062336237
490,4.419973326615e-04,1.047219440757e-03,1.7300649609,1.6554507973,1.8147941114,0.5113746161,-0.3361754886,1.2526078247,-0.6664363120,-0.8783306322,0.5059169004
491,4.462899636155e-04,1.025504850009e-03,1.7301740415,1.6554560515,1.8145399798,0.5109131140,-0.3364309168,1.2518675499,-0.6665018050,-0.8780590413,0.5057783166
492,4.417188331999e-04,1.059381684376e-03,1.7300654724,1.6554561689,1.8145216560,0.5113334146,-0.3358944792,1.2527154563,-0.6666787937,-0.8782046065,0.5058230349
493,4.346406148721e-04,1.039140533078e-03,1.7296193697,1.6551146826,1.8148723672,0.5115583092,-0.3357843529,1.2529140673,-0.6665359098,-0.8776531260,0.5054560431
494,4.382885312420e-04,1.045962760336e-03,1.7294861367,1.6546348293,1.8143760932,0.5120286644,-0.3361594795,1.2531871267,-0.6663368043,-0.8774816658,0.5054440084
495,4.345181265992e-04,1.055776083387e-03,1.7295407326,1.6553963299,1.8147173417,0.5115732088,-0.3357164671,1.2529240888,-0.6662142728,-0.8776690374,0.5052776511
496,4.345979514030e-04,1.072428638032e-03,1.7295693492,1.6556039820,1.8152871328,0.5119119341,-0.3355969901,1.2530727517,-0.6664768199,-0.8775485832,0.5046476913
497,4.354236073076e-04,1.039303056698e-03,1.7291771625,1.6554571344,1.8146784800,0.5114563239,-0.3358880369,1.2529810707,-0.6663859852,-0.8778452466,0.5052019590
498,4.337270631966e-04,1.043758559591e-03,1.7295798483,1.6551559928,1.8150018021,0.5109380992,-0.3355309474,1.2534676331,-0.6659087414,-0.8775102968,0.5051880964
499,4.326201325834e-04,1.047205334245e-03,1.7292687902,1.6555679763,1.8152200899,0.5110210492,-0.3354316369,1.2535979045,-0.6659260242,-0.8769100276,0.5057280289
500,4.391688059855e-04,1.064328970727e-03,1.7290805286,1.6554116068,1.8148499900,0.5108509321,-0.3347397727,1.2533862697,-0.6662324311,-0.8765736677,0.5055189744
501,4.330673110409e-04,1.062338254082e-03,1.7294187893,1.6557982066,1.8149428791,0.5109644656,-0.3355793385,1.2537618386,-0.6659480459,-0.8767588172,0.5055783390
502,4.358888657534e-04,1.082476119190e-03,1.7291023846,1.6558733025,1.8152631099,0.5113531791,-0.3353305550,1.2537967496,-0.6651266925,-0.8771897259,0.5057258188
503,4.372978079008e-04,1.062151173831e-03,1.7292044311,1.6555635275,1.8152105323,0.5110838587,-0.3353098617,1.2539747602,-0.6661392880,-0.8771014472,0.5057812210
504,4.271769679831e-04,9.930903020927e-04,1.7291131942,1.6555109908,1.8157138716,0.5106708148,-0.3360791570,1.2533630498,-0.6658174001,-0.8766306711,0.5055236282
505,4.231856728776e-04,9.667289218221e-04,1.7290217722,1.6556428706,1.8158303102,0.5102899478,-0.3367070665,1.2535031529,-0.6656512098,-0.8764457621,0.5049405995
506,4.242433017336e-04,9.580393668821e-04,1.7295736661,1.6559096547,1.8161531196,0.5099367767,-0.3371564589,1.2530999964,-0.6655464886,-0.8763686301,0.5050584937
507,4.285201640591e-04,9.729245038507e-04,1.7289398956,1.6558516109,1.8160134119,0.5100888450,-0.3366005547,1.2536415374,-0.6658447949,-0.8766856615,0.5049558719
508,4.220060199560e-04,9.467114345445e-04,1.7290451354,1.6550561514,1.8158901003,0.5106312664,-0.3372713332,1.2537706163,-0.6656225176,-0.8760717569,0.5050077182
509,4.191635363262e-04,9.269575598330e-04,1.7287767204,1.6548137906,1.8157145266,0.5104994939,-0.3371200302,1.2532541541,-0.6654010473,-0.8754761033,0.5046505820
510,4.254353597282e-04,8.992748045829e-04,1.7288441874,1.6542877165,1.8161161728,0.5104576013,-0.3373821364,1.2529663866,-0.6655569105,-0.8749205954,0.5049174669
511,4.147147451277e-04,9.377021335960e-04,1.7289269382,1.6549136410,1.8159382927,0.5107580383,-0.3370142643,1.2532661295,-0.6654986873,-0.8753850040,0.5043834012
512,4.120923155441e-04,9.644686771291e-04,1.7292217805,1.6551293523,1.8157094691,0.5109358225,-0.3372983273,1.2535083283,-0.6652681226,-0.8751995030,0.5036379843
513,4.085679568105e-04,9.477769177214e-04,1.7286934193,1.6552837310,1.8160539572,0.5106614498,-0.3370907584,1.2537767253,-0.6655816125,-0.8752089016,0.5030998735
514,4.062156881358e-04,9.452988702817e-04,1.7288473185,1.6551529206,1.8166737973,0.5109460057,-0.3370874231,1.2537030735,-0.6658656243,-0.8747189127,0.5026901878
515,4.017453963624e-04,9.126204403419e-04,1.7284524837,1.6549184462,1.8165674344,0.5105806336,-0.3371949183,1.2535135576,-0.6657404928,-0.8741580306,0.5021738553
516,4.066016125077e-04,8.941720342821e-04,1.7281356856,1.6545131349,1.8166667381,0.5104997431,-0.3377704020,1.2540557363,-0.6658394579,-0.8739427356,0.5019797627
517,4.022115701543e-04,9.193756482080e-04,1.7285538215,1.6548231095,1.8167296696,0.5104581642,-0.3369912727,1.2537196265,-0.6654218104,-0.8741064901,0.5022080862
518,3.987334571751e-04,9.129727556045e-04,1.7279440304,1.6552151882,1.8167983454,0.5109847095,-0.3371887130,1.2531366286,-0.6652418334,-0.8741980840,0.5019630408
519,3.969881703475e-04,9.382664733760e-04,1.7277658708,1.6557839343,1.8165907952,0.5110953126,-0.3369161062,1.2533029713,-0.6653208518,-0.8735251357,0.5021315316
520,3.959809746377e-04,9.541517297643e-04,1.7276676907,1.6557357494,1.8163261624,0.5112276352,-0.3362678097,1.2529571995,-0.6653830363,-0.8734333837,0.5015413052
521,3.977484996977e-04,9.533340109192e-04,1.7278128652,1.6563027708,1.8165951967,0.5106998067,-0.3363808700,1.2525067289,-0.6653219323,-0.8733064986,0.5012750558
522,3.949982233800e-04,9.728175490333e-04,1.7278371644,1.6558923059,1.8162658707,0.5113560006,-0.3363522416,1.2532020488,-0.6651801494,-0.8734996704,0.5012882853
523,4.014554047380e-04,9.943609277264e-04,1.7274805261,1.6559238039,1.8167910304,0.5116079492,-0.3359432020,1.2534390768,-0.6646260285,-0.8734549866,0.5012902493
524,3.927856360940e-04,9.748738418963e-04,1.7280881089,1.6557764566,1.8164590380,0.5115876921,-0.3364192218,1.2530768161,-0.6652171951,-0.8732538198,0.5012632507
525,3.941488123176e-04,9.854195762705e-04,1.7283020849,1.6556423935,1.8158519007,0.5117230608,-0.3366400533,1.2527011173,-0.6647059391,-0.8729948722,0.5014391717
526,3.897131369902e-04,9.533553041039e-04,1.7278744595,1.6555875978,1.8164586604,0.5114512554,-0.3366135408,1.2531752302,-0.6651984939,-0.8730178321,0.5010474129
527,3.878427147020e-04,9.483175212014e-04,1.7277921932,1.6555737287,1.8162979948,0.5118139974,-0.3370937285,1.2532547464,-0.6657860634,-0.8727425777,0.5006258221
528,3.881015730720e-04,9.538810232879e-04,1.7283082754,1.6552322874,1.8161803778,0.5114149702,-0.3369146895,1.2536832514,-0.6660066500,-0.8723422653,0.5004863926
529,3.890500463391e-04,9.635906563450e-04,1.7276610911,1.6558285996,1.8162760796,0.5118987814,-0.3369579243,1.2533944073,-0.6657620014,-0.8724249094,0.5007698515
530,3.876645747821e-04,9.332623547217e-04,1.7275916847,1.6550651094,1.8168078925,0.5120682609,-0.3372457444,1.2533295502,-0.6654755405,-0.8725814057,0.5001511096
531,3.927655796773e-04,9.599263655139e-04,1.7279725723,1.6550831559,1.8168118732,0.5126915079,-0.3374439223,1.2532626927,-0.6660456111,-0.8727516227,0.4998894846
532,3.887742930891e-04,9.342568585290e-04,1.7274152668,1.6548333951,1.8165319149,0.5122269475,-0.3372189120,1.2535387410,-0.6654800389,-0.8726781082,0.5002510485
533,3.834912854294e-04,9.041015098864e-04,1.7272877371,1.6552006353,1.8164496481,0.5115525415,-0.3377342124,1.2531783941,-0.6653692332,-0.8724493015,0.4996986263
534,3.792738761246e-04,8.980293176711e-04,1.7270860440,1.6552785054,1.8165625287,0.5112338960,-0.3377257635,1.2534241570,-0.6649907315,-0.8717277211,0.4993601493
535,3.833131582394e-04,8.708455484684e-04,1.7266911211,1.6549489754,1.8165710752,0.5109567159,-0.3374239329,1.2528618372,-0.6652929043,-0.8713301213,0.4993171999
536,3.795962898999e-04,9.166802178464e-04,1.7271439249,1.6553852857,1.8164039493,0.5113828657,-0.3374591907,1.2533701861,-0.6649785673,-0.8717799188,0.4990268899
537,3.781210936997e-04,9.090839621331e-04,1.7272558386,1.6556158705,1.8166084036,0.5111464430,-0.3383670191,1.2538122323,-0.6647804457,-0.8714603325,0.4989477489
538,3.921249682647e-04,9.197654015886e-04,1.7269434173,1.6558008395,1.8169044345,0.5105844076,-0.3381338080,1.2542119556,-0.6646663505,-0.8719227139,0.4987938632
539,3.802538835859e-04,9.105856062138e-04,1.7270083387,1.6554870299,1.8164525336,0.5112953613,-0.3383941705,1.2541014717,-0.6649799308,-0.8714303115,0.4989236745
540,3.776248396487e-04,9.156163163345e-04,1.7274182309,1.6553160857,1.8160631141,0.5112650450,-0.3384911657,1.2536964669,-0.6640888640,-0.8712934729,0.4991411643
541,3.820992564201e-04,9.429020618671e-04,1.7278177307,1.6555236807,1.8158806013,0.5116344711,-0.3387383869,1.2532391992,-0.6643196711,-0.8710174901,0.4986638100
542,3.799999223507e-04,9.137864540556e-04,1.7275946254,1.6549349683,1.8162486749,0.5112783361,-0.3384916224,1.2537676752,-0.6640787241,-0.8713393435,0.4989629868
543,3.853523348089e-04,9.466907342403e-04,1.7273178780,1.6554777432,1.8165989301,0.5118666833,-0.3383568924,1.2537440445,-0.6638017567,-0.8709756186,0.4994742916
544,3.777788970459e-04,9.054692449622e-04,1.7271208710,1.6553022818,1.8161336854,0.5113414238,-0.3386373416,1.2535343094,-0.6639331043,-0.8715019724,0.4989536092
545,3.765428667111e-04,9.189699812362e-04,1.7274513175,1.6557320984,1.8157833793,0.5105441892,-0.3383296502,1.2538446594,-0.6638056262,-0.8715866554,0.4990240060
546,3.808574638370e-04,9.186686611895e-04,1.7273559191,1.6558325334,1.8161531656,0.5102691517,-0.3383650807,1.2537695506,-0.6635370685,-0.8720533355,0.4983372643
547,3.749128027561e-04,9.243339705229e-04,1.7272711329,1.6556594626,1.8156163501,0.5106079338,-0.3381142487,1.2539749740,-0.6637099522,-0.8713634393,0.4987833054
548,3.794402321592e-04,9.348145670448e-04,1.7270295624,1.6554225554,1.8148278617,0.5107666893,-0.3381152148,1.2541940858,-0.6637395838,-0.8717740577,0.4989285807
549,3.752919465695e-04,8.783209285856e-04,1.7268614038,1.6553951082,1.8155747662,0.5100222836,-0.3381716046,1.2535627644,-0.6638274265,-0.8709025452,0.4989178168
550,3.750189662828e-04,9.347857951775e-04,1.7271646061,1.6558509583,1.8157398138,0.5106948772,-0.3379468323,1.2540521314,-0.6634676703,-0.8711644332,0.4989998545
551,3.747695395778e-04,9.249127741432e-04,1.7272860801,1.6556518355,1.8156180182,0.5106147253,-0.3380142276,1.2539146386,-0.6637325251,-0.8713958159,0.4987929046
552,3.749830080777e-04,9.303800251801e-04,1.7274343134,1.6556540031,1.8156036051,0.5105164533,-0.3379288773,1.2540216315,-0.6637892102,-0.8713033820,0.4987799553
553,3.746829369962e-04,9.253057051080e-04,1.7273109633,1.6556417755,1.8156031689,0.5106150176,-0.3380203556,1.2538953486,-0.6636992940,-0.8713894007,0.4987909256
554,3.745238287041e-04,9.274682833579e-04,1.7273203666,1.6557002910,1.8155748669,0.5106453782,-0.3380293988,1.2538541628,-0.6637263824,-0.8713511887,0.4987627693
555,3.743284937000e-04,9.277874022996e-04,1.7273130633,1.6557245518,1.8156018981,0.5106245030,-0.3380115762,1.2538334338,-0.6636888293,-0.8713597008,0.4986855579
556,3.743321449491e-04,9.298585264053e-04,1.7272918674,1.6557412445,1.8155277258,0.5106285052,-0.3379812320,1.2538210381,-0.6636554682,-0.8713733068,0.4986483823
557,3.746843351787e-04,9.305176341845e-04,1.7273320468,1.6557281923,1.8156068448,0.5106604365,-0.3380082261,1.2538535776,-0.6636850292,-0.8713766726,0.4986760075
558,3.735150219181e-04,9.230321656419e-04,1.7272816490,1.6556869250,1.8156090545,0.5105994958,-0.3380071655,1.2537777420,-0.6636911570,-0.8713003819,0.4986689565
559,3.721339965976e-04,9.132824305069e-04,1.7272261724,1.6556432394,1.8156227888,0.5105152666,-0.3380089098,1.2536456165,-0.6636919226,-0.8712004395,0.4986521794
560,3.695432802251e-04,9.004601402552e-04,1.7271331342,1.6554487010,1.8156743319,0.5105443598,-0.3379677251,1.2534629342,-0.6636935016,-0.8709571791,0.4985266864
561,3.666369603909e-04,8.689945628887e-04,1.7269309062,1.6552232614,1.8157573700,0.5103084400,-0.3379533963,1.2529310324,-0.6636875690,-0.8705262209,0.4983969087
562,3.649699379147e-04,8.717358984628e-04,1.7271939255,1.6552962272,1.8164157488,0.5104153079,-0.3380252617,1.2527965233,-0.6636219296,-0.8705583368,0.4980935672
563,3.640677716766e-04,8.741309498738e-04,1.7271702904,1.6550876749,1.8164212884,0.5106679384,-0.3379486822,1.2528032807,-0.6636196164,-0.8704045659,0.4979434555
564,3.621985112689e-04,8.628095300635e-04,1.7271319826,1.6549806931,1.8165279078,0.5106391914,-0.3379370284,1.2525212025,-0.6635955702,-0.8702073263,0.4978181251
565,3.632647686047e-04,8.498822477103e-04,1.7266432237,1.6550230151,1.8168175998,0.5106470553,-0.3376354442,1.2523678381,-0.6640160699,-0.8702364936,0.4976658232
566,3.624950131936e-04,8.588460802686e-04,1.7271651435,1.6549081105,1.8164815364,0.5106043284,-0.3380227867,1.2525049626,-0.6636928185,-0.8702820129,0.4977308735
567,3.615160212670e-04,8.571885891298e-04,1.7270129717,1.6549927474,1.8165979153,0.5105898255,-0.3381461942,1.2525800089,-0.6634729690,-0.8699582862,0.4976994130
568,3.623899929039e-04,8.462035649645e-04,1.7269148642,1.6547342612,1.8167114969,0.5105132381,-0.3381326281,1.2525476353,-0.6632465672,-0.8700615837,0.4977398253
569,3.610151895515e-04,8.579119598928e-04,1.7270316611,1.6549957061,1.8165847914,0.5105400362,-0.3380913884,1.2526096588,-0.6634573620,-0.8699494978,0.4976466196
570,3.603367333602e-04,8.575549907870e-04,1.7271346516,1.6549569829,1.8166181000,0.5104776981,-0.3380391355,1.2526170391,-0.6634961652,-0.8698132074,0.4976523075
571,3.596708830518e-04,8.621163880156e-04,1.7272001676,1.6550083618,1.8165814888,0.5104719404,-0.3379778534,1.2525456903,-0.6634332644,-0.8697306462,0.4975424197
572,3.590109895453e-04,8.612881460575e-04,1.7272293419,1.6549920534,1.8165801885,0.5104176874,-0.3380166932,1.2526074385,-0.6634734944,-0.8696643310,0.4973855750
573,3.585737677491e-04,8.616744749240e-04,1.7273252940,1.6549726396,1.8166073559,0.5104082221,-0.3380368106,1.2525707181,-0.6635143202,-0.8695071169,0.4973474632
574,3.590587375299e-04,8.702961070933e-04,1.7273648733,1.6549462203,1.8166109707,0.5105330102,-0.3379599376,1.2526825234,-0.6634870821,-0.8694676750,0.4973094774
575,3.588502797915e-04,8.628598391784e-04,1.7273452456,1.6549918633,1.8166448299,0.5104074748,-0.3380411387,1.2525734874,-0.6635085521,-0.8695228997,0.4973431328
576,3.579750899733e-04,8.601282459689e-04,1.7273134724,1.6549843905,1.8165480819,0.5103458024,-0.3380245253,1.2525771199,-0.6635160361,-0.8694615735,0.4973408677
577,3.574302240669e-04,8.562131856699e-04,1.7272970370,1.6549240233,1.8165274803,0.5102927846,-0.3380118041,1.2525558850,-0.6634852367,-0.8694349132,0.4973168213
578,3.570224631729e-04,8.538284811240e-04,1.7272593893,1.6549159122,1.8164769480,0.5102650142,-0.3380392705,1.2525340286,-0.6634655048,-0.8693840226,0.4972855028
579,3.565598016767e-04,8.525837800655e-04,1.7272625107,1.6549194650,1.8164449814,0.5101847359,-0.3380084725,1.2525501960,-0.6634486127,-0.8693554070,0.4972714647
580,3.564640468103e-04,8.519738589459e-04,1.7273052125,1.6548857367,1.8163744542,0.5101586798,-0.3380111565,1.2525282227,-0.6634681135,-0.8693677710,0.4972524183
581,3.561668929057e-04,8.489033096378e-04,1.7273084268,1.6548731331,1.8163953725,0.5100869006,-0.3380245818,1.2524960709,-0.6634402065,-0.8693306097,0.4972229692
582,3.560297123246e-04,8.488371785768e-04,1.7272750269,1.6549142029,1.8163444016,0.5100585802,-0.3380474735,1.2524994730,-0.6634307510,-0.8692784840,0.4972016261
583,3.554147138229e-04,8.480203493823e-04,1.7272717562,1.6548623750,1.8163348030,0.5100487149,-0.3380027334,1.2525246507,-0.6634034353,-0.8692215388,0.4971795077
584,3.549786505699e-04,8.482530581534e-04,1.7273039875,1.6548434467,1.8163381450,0.5100222541,-0.3379601898,1.2525461985,-0.6634115799,-0.8691471279,0.4971757739
585,3.545099288694e-04,8.486194081937e-04,1.7273129920,1.6548218309,1.8163419824,0.5099998044,-0.3379399791,1.2526004646,-0.6633939818,-0.8691320924,0.4971047534
586,3.539779994852e-04,8.475192167510e-04,1.7273228909,1.6547608261,1.8163205838,0.5099924871,-0.3379230435,1.2526079164,-0.6633736715,-0.8690809475,0.4970568124
587,3.529466741861e-04,8.469350962186e-04,1.7273470053,1.6547026515,1.8162768580,0.5099409296,-0.3378930664,1.2526578304,-0.6633496894,-0.8689578087,0.4969457460
588,3.521438437429e-04,8.589248420668e-04,1.7274421117,1.6547680524,1.8162305100,0.5099674990,-0.3376503938,1.2525808505,-0.6631049101,-0.8688985045,0.4968209518
589,3.504371024640e-04,8.605543581622e-04,1.7274927168,1.6547577724,1.8161513723,0.5098252988,-0.3375977799,1.2527163160,-0.6630808184,-0.8686514360,0.4966016178
590,3.470128038576e-04,8.485110747882e-04,1.7275580690,1.6542699396,1.8159022614,0.5097972813,-0.3375290545,1.2526012424,-0.6629803009,-0.8681383892,0.4963927608
591,3.448475078743e-04,8.282276576818e-04,1.7277969279,1.6539094713,1.8162379635,0.5093615506,-0.3375036699,1.2524852296,-0.6628425241,-0.8679873643,0.4960852586
592,3.412462258445e-04,8.291086651944e-04,1.7279982732,1.6539153733,1.8160551182,0.5091189868,-0.3373105521,1.2522652934,-0.6626524190,-0.8673941045,0.4959025237
593,3.377951163656e-04,8.282361088298e-04,1.7280217305,1.6537233932,1.8154595671,0.5088079071,-0.3373727027,1.2519183073,-0.6619701252,-0.8667962341,0.4948423794
594,3.378179952159e-04,8.302604476773e-04,1.7282138065,1.6532321941,1.8152502517,0.5082228067,-0.3368808855,1.2524741879,-0.6613123090,-0.8659298556,0.4952441925
595,3.433840927983e-04,8.458738801363e-04,1.7283613999,1.6537086974,1.8153146669,0.5088258025,-0.3374801732,1.2519707781,-0.6619701370,-0.8668867559,0.4948667742
596,3.290935358158e-04,8.026360527461e-04,1.7276176057,1.6536574938,1.8155274643,0.5086704708,-0.3368801000,1.2517216148,-0.6622854281,-0.8666389775,0.4946341711
597,3.261156145831e-04,7.967616709469e-04,1.7272821470,1.6536908484,1.8159450836,0.5088933218,-0.3367020817,1.2516265257,-0.6623532689,-0.8661821205,0.4944145501
598,3.323724997053e-04,7.727270040192e-04,1.7268937910,1.6536852743,1.8158720229,0.5084583469,-0.3370364052,1.2514645080,-0.6626492843,-0.8659427321,0.4945225022
599,3.257521721142e-04,7.920643219258e-04,1.7272719289,1.6535588926,1.8159195702,0.5089659879,-0.3367124854,1.2515172620,-0.6623385310,-0.8661772219,0.4944798494
600,3.254316375513e-04,7.927450904034e-04,1.7271989595,1.6536666388,1.8159937781,0.5089032383,-0.3364989235,1.2513209982,-0.6621460780,-0.8662828443,0.4945158977
601,3.250113736624e-04,7.955857827919e-04,1.7272504612,1.6536185758,1.8159705499,0.5089432080,-0.3363533831,1.2513035627,-0.6622236715,-0.8662789115,0.4944425616
602,3.251480615192e-04,7.904541530636e-04,1.7271958787,1.6535018391,1.8160476196,0.5089077774,-0.3363534011,1.2513597357,-0.6621937912,-0.8663653741,0.4943741937
603,3.249985509898e-04,7.952241417831e-04,1.7272826652,1.6536162043,1.8159954417,0.5089291585,-0.3363659880,1.2512840583,-0.6622262852,-0.8662747398,0.4944338014
604,3.250012495770e-04,7.977680313748e-04,1.7272879483,1.6536292468,1.8159830123,0.5089905229,-0.3363819552,1.2512608953,-0.6621923106,-0.8662765109,0.4943710877
605,3.252001451318e-04,7.953557668746e-04,1.7272753794,1.6536299773,1.8160102432,0.5089465239,-0.3363729426,1.2512758847,-0.6622541857,-0.8663029708,0.4944405822
606,3.251236159668e-04,7.980699759300e-04,1.7273148961,1.6536003144,1.8160301484,0.5089694654,-0.3363281760,1.2513140307,-0.6621897425,-0.8662387908,0.4944641937
607,3.248296582596e-04,7.940514090916e-04,1.7272543843,1.6536178732,1.8160162516,0.5089300188,-0.3363649607,1.2512746983,-0.6622376307,-0.8662437141,0.4944246565
608,3.242525396437e-04,7.912907908056e-04,1.7272327943,1.6535884013,1.8159874706,0.5088951342,-0.3363414930,1.2512314673,-0.6622383275,-0.8661851709,0.4943968616
609,3.234757293163e-04,7.893134386875e-04,1.7271995232,1.6536008904,1.8159503751,0.5087985206,-0.3362772153,1.2512057383,-0.6622412867,-0.8660683698,0.4942989742
610,3.227515287020e-04,7.831040895422e-04,1.7271427516,1.6535223555,1.8159097747,0.5087689339,-0.3362374105,1.2510805583,-0.6622745358,-0.8659730394,0.4942737226
611,3.225977861345e-04,7.813180897395e-04,1.7270877614,1.6535414562,1.8158994965,0.5086996851,-0.3361630553,1.2510212759,-0.6623251333,-0.8658652761,0.4941815593
612,3.219355607701e-04,7.809384320081e-04,1.7271609412,1.6534842055,1.8157681503,0.5086184532,-0.3361430149,1.2510186198,-0.6622430233,-0.8658605182,0.4941630316
613,3.209702283435e-04,7.820059142077e-04,1.7271916622,1.6534193862,1.8158107447,0.5086595242,-0.3360841937,1.2510551707,-0.6621494552,-0.8657331778,0.4942028700
614,3.208551935003e-04,7.790509371605e-04,1.7273179456,1.6533738040,1.8158977547,0.5085717039,-0.3360872688,1.2509955036,-0.6621772190,-0.8657072702,0.4942438573
615,3.205656627744e-04,7.769265700504e-04,1.7273064595,1.6533081228,1.8158690462,0.5085969446,-0.3360759671,1.2509475391,-0.6621621103,-0.8656799624,0.4942701345
616,3.201158867677e-04,7.773384916278e-04,1.7273181750,1.6532790849,1.8158488190,0.5085867539,-0.3360286206,1.2509492206,-0.6621217451,-0.8656127500,0.4942594025
617,3.201968641562e-04,7.739509513822e-04,1.7272536567,1.6533066628,1.8158695947,0.5085143237,-0.3360816276,1.2508954721,-0.6619817590,-0.8655633827,0.4943002339
618,3.201145361378e-04,7.779147079244e-04,1.7273099721,1.6532924723,1.8158656014,0.5085926401,-0.3359922561,1.2509295692,-0.6621173338,-0.8656268603,0.4942625777
619,3.198312847547e-04,7.770810476372e-04,1.7272889346,1.6532680746,1.8158922310,0.5086122351,-0.3359693895,1.2509260466,-0.6621405786,-0.8655455163,0.4942492874
620,3.194165121064e-04,7.764489025085e-04,1.7272963222,1.6532316446,1.8158504528,0.5085927398,-0.3359204382,1.2509032907,-0.6621439689,-0.8654939005,0.4942192369
621,3.205185403612e-04,7.783609517985e-04,1.7272809346,1.6532526585,1.8157811814,0.5085490844,-0.3358521783,1.2509414201,-0.6621971026,-0.8654290864,0.4943588077
622,3.195478519878e-04,7.783419415767e-04,1.7273168036,1.6532605850,1.8158379524,0.5086130549,-0.3359288810,1.2508837155,-0.6621439861,-0.8654790982,0.4942198842
623,3.186943585257e-04,7.752051113347e-04,1.7273070717,1.6531709239,1.8158669477,0.5086054321,-0.3359023110,1.2508990730,-0.6621087185,-0.8654846925,0.4941552799
624,3.177446848304e-04,7.679765949475e-04,1.7272668740,1.6530333718,1.8158729654,0.5086262365,-0.3359157188,1.2507973585,-0.6621158510,-0.8654935232,0.4940639558
625,3.169109195627e-04,7.688750152082e-04,1.7273169040,1.6529309531,1.8159111856,0.5086911740,-0.3358831925,1.2507955600,-0.6620275614,-0.8654594718,0.4939575885
626,3.163602070140e-04,7.653197882808e-04,1.7273409280,1.6529136057,1.8159767823,0.5085779388,-0.3358669682,1.2507805329,-0.6620552669,-0.8654384868,0.4938151112
627,3.158000544186e-04,7.606623139831e-04,1.7273504857,1.6528202781,1.8160145847,0.5086228399,-0.3359060681,1.2506477293,-0.6620789335,-0.8654139414,0.4937289411
628,3.150933443201e-04,7.551436207661e-04,1.7273062242,1.6526603839,1.8159936740,0.5085857022,-0.3358298170,1.2506444897,-0.6620616846,-0.8653906624,0.4936657420
629,3.149840276438e-04,7.586022832413e-04,1.7273820710,1.6525846866,1.8160432150,0.5086324812,-0.3357814665,1.2506670248,-0.6619745009,-0.8653327947,0.4935653462
630,3.152441956510e-04,7.599776739170e-04,1.7273889010,1.6526013192,1.8160502441,0.5086297599,-0.3357203481,1.2506197558,-0.6619526348,-0.8653891000,0.4935640551
631,3.147613438659e-04,7.588876359290e-04,1.7274085118,1.6525878864,1.8160157082,0.5086197707,-0.3357729594,1.2506515336,-0.6619782532,-0.8653108646,0.4935734149
632,3.143598626106e-04,7.596531514554e-04,1.7273733337,1.6526144904,1.8159548850,0.5086351393,-0.3357694589,1.2506442534,-0.6619774827,-0.8652870835,0.4935143582
633,3.139203493102e-04,7.590125042319e-04,1.7273432186,1.6526262151,1.8159779138,0.5086422892,-0.3357246242,1.2506274953,-0.6620117591,-0.8652173827,0.4935214372
634,3.136540221045e-04,7.589171058401e-04,1.7273573864,1.6526042667,1.8159426551,0.5086490025,-0.3357002764,1.2506285408,-0.6620856410,-0.8651857518,0.4934901907
635,3.129976446226e-04,7.559920459028e-04,1.7273320127,1.6525901934,1.8159149070,0.5086112113,-0.3357033947,1.2505919205,-0.6620809966,-0.8651126868,0.4934744061
636,3.120288351456e-04,7.506266145526e-04,1.7272363397,1.6525464867,1.8159083596,0.5085894864,-0.3357360372,1.2505874944,-0.6620913582,-0.8649640234,0.4934027941
637,3.111800102983e-04,7.470597919034e-04,1.7271775303,1.6525351907,1.8158588147,0.5085326553,-0.3356702835,1.2504807184,-0.6620875693,-0.8648554287,0.4933462472
638,3.107855734043e-04,7.457133351573e-04,1.7271212720,1.6524928935,1.8158305748,0.5085547673,-0.3356147100,1.2504716080,-0.6621879843,-0.8647591991,0.4932402057
639,3.100706289290e-04,7.418859774846e-04,1.7271897654,1.6524107233,1.8158592282,0.5084904788,-0.3356180308,1.2504469667,-0.6621860894,-0.8646130385,0.4932804291
640,3.093489526638e-04,7.403414952162e-04,1.7272324722,1.6523647627,1.8157348273,0.5084445329,-0.3356921174,1.2504373819,-0.6621302630,-0.8645564461,0.4931993294
641,3.081536671037e-04,7.398840605067e-04,1.7272277746,1.6523308976,1.8157620820,0.5084511514,-0.3356722694,1.2504185441,-0.6620000436,-0.8644416295,0.4931147380
642,3.064403789050e-04,7.268785590766e-04,1.7271011683,1.6520609713,1.8157627267,0.5083359893,-0.3356291005,1.2503967246,-0.6618055050,-0.8643427557,0.4930259293
643,3.053232066426e-04,7.188288211817e-04,1.7270864486,1.6519524600,1.8158441899,0.5083718301,-0.3357684737,1.2501596525,-0.6616862025,-0.8641747355,0.4928776192
644,3.036228992684e-04,7.209050903669e-04,1.7271275675,1.6518128332,1.8158456913,0.5084135313,-0.3357222291,1.2503105848,-0.6615889842,-0.8639236978,0.4926784159
645,3.019555443761e-04,7.239277923909e-04,1.7271990124,1.6517906801,1.8157472344,0.5083232469,-0.3355003609,1.2502012001,-0.6614144415,-0.8637438357,0.4925663724
646,2.999220675949e-04,7.141373577697e-04,1.7271833598,1.6515125213,1.8156592077,0.5082114692,-0.3354046416,1.2501647982,-0.6613467134,-0.8635789815,0.4924253460
647,2.976378746272e-04,6.977702198573e-04,1.7271648669,1.6514525559,1.8158207345,0.5076092901,-0.3353918821,1.2502305809,-0.6612291105,-0.8633573282,0.4920011988
648,2.935804721707e-04,6.834629391460e-04,1.7269765256,1.6511369762,1.8155930716,0.5074307567,-0.3353059879,1.2502318906,-0.6609012691,-0.8628141427,0.4918947921
649,2.859071651040e-04,6.595918374698e-04,1.7269538361,1.6503756087,1.8152606908,0.5071934297,-0.3351118645,1.2499473238,-0.6604456219,-0.8617465924,0.4913056713
650,3.080433415086e-04,6.850943495255e-04,1.7275766041,1.6485587278,1.8149488204,0.5064279159,-0.3347087334,1.2504377058,-0.6582343782,-0.8610053619,0.4911449888
651,2.863290237133e-04,6.655003910351e-04,1.7259007965,1.6505902429,1.8147666629,0.5074865817,-0.3348042551,1.2498848451,-0.6604993229,-0.8619263335,0.4903354547
652,2.854637369871e-04,6.539013484346e-04,1.7268041103,1.6503148545,1.8155737019,0.5072649690,-0.3349805820,1.2498599398,-0.6603939376,-0.8617208677,0.4913565950
653,2.867805138500e-04,6.544899025120e-04,1.7267346317,1.6503443765,1.8155328599,0.5071298019,-0.3346467475,1.2499393749,-0.6609242247,-0.8612731109,0.4914787302
654,2.853094787888e-04,6.603917141144e-04,1.7268436438,1.6503966633,1.8156301093,0.5073315364,-0.3349968968,1.2499741851,-0.6603591727,-0.8616449220,0.4912946523
655,2.857655359166e-04,6.567106442864e-04,1.7267828747,1.6505902831,1.8156666101,0.5072441975,-0.3351745813,1.2497526678,-0.6603016398,-0.8614840790,0.4912886591
656,2.853469205765e-04,6.571377847027e-04,1.7268209584,1.6503676012,1.8156641090,0.5072818333,-0.3350451398,1.2500065471,-0.6603867748,-0.8616531255,0.4912661828
657,2.858278975004e-04,6.592602882196e-04,1.7268042937,1.6503202459,1.8156069056,0.5074629506,-0.3350950631,1.2499708857,-0.6603957008,-0.8615989819,0.4913360235
658,2.852762285703e-04,6.607158322561e-04,1.7268683229,1.6503937778,1.8156409401,0.5073429805,-0.3349968146,1.2499525731,-0.6603807808,-0.8616512699,0.4912689609
659,2.851049839288e-04,6.610564966600e-04,1.7268980107,1.6503528601,1.8156518972,0.5073232296,-0.3349618795,1.2499493303,-0.6603204413,-0.8616337218,0.4912270748
660,2.854096856084e-04,6.634939808565e-04,1.7269279720,1.6503720327,1.8156962660,0.5073152453,-0.3349202212,1.2499611085,-0.6602813745,-0.8616869241,0.4912053597
661,2.852961503255e-04,6.611887885878e-04,1.7269299302,1.6503465750,1.8156664852,0.5073128352,-0.3349682618,1.2499520899,-0.6603239217,-0.8616238991,0.4912581206
662,2.844336110570e-04,6.603716572385e-04,1.7268732295,1.6503517371,1.8156378993,0.5073074790,-0.3349014613,1.2499549176,-0.6603605367,-0.8615814616,0.4911967391
663,2.838755051448e-04,6.596563469587e-04,1.7268367858,1.6503234363,1.8156182622,0.5073270825,-0.3348603449,1.2499570162,-0.6603849041,-0.8615266356,0.4911542375
664,2.832985356473e-04,6.600395091378e-04,1.7268275219,1.6503546082,1.8156256437,0.5072758401,-0.3347321502,1.2499814274,-0.6604935977,-0.8614409052,0.4911459648
665,2.824637758957e-04,6.588827459821e-04,1.7267516996,1.6502813477,1.8155857356,0.5073398713,-0.3346708094,1.2499829701,-0.6605272969,-0.8613374534,0.4910588544
666,2.821987213747e-04,6.606540262838e-04,1.7266798559,1.6503182977,1.8155661736,0.5073150327,-0.3345656049,1.2499834137,-0.6604921461,-0.8613720536,0.4909211133
667,2.813866098037e-04,6.597736330991e-04,1.7267243297,1.6502174054,1.8155709652,0.5072847644,-0.3344786012,1.2499837202,-0.6604558035,-0.8612494461,0.4908665183
668,2.810294862033e-04,6.608205479073e-04,1.7268038824,1.6501698832,1.8156105233,0.5073408228,-0.3344356432,1.2499185501,-0.6605431343,-0.8612164793,0.4907574329
669,2.807066365915e-04,6.672218275324e-04,1.7268274596,1.6501666780,1.8155800941,0.5074434930,-0.3343096175,1.2499546054,-0.6605086014,-0.8611185423,0.4907577301
670,2.808047202811e-04,6.658390423968e-04,1.7267932911,1.6500847061,1.8156302014,0.5074206124,-0.3342931066,1.2500677292,-0.6605452130,-0.8610287119,0.4906764938
671,2.808083768112e-04,6.664194445035e-04,1.7268078713,1.6501562654,1.8156164822,0.5074503071,-0.3342958948,1.2499412109,-0.6605033678,-0.8611246209,0.4907720577
672,2.803394057141e-04,6.653912054650e-04,1.7268228778,1.6501187880,1.8155155518,0.5074221902,-0.3342729668,1.2499192123,-0.6605284412,-0.8611108466,0.4907618829
673,2.796804721063e-04,6.638301069991e-04,1.7268099633,1.6501385057,1.8154911549,0.5074027009,-0.3342768371,1.2498627246,-0.6605226425,-0.8610407113,0.4907442484
674,2.791781853343e-04,6.634127372137e-04,1.7268179311,1.6501563617,1.8154604911,0.5073626027,-0.3342462870,1.2498123620,-0.6605054649,-0.8609938443,0.4907109578
675,2.786650656867e-04,6.620382048299e-04,1.7268107183,1.6501238251,1.8154242764,0.5073836457,-0.3342752460,1.2497666338,-0.6604614112,-0.8609581320,0.4906795056
676,2.782568831785e-04,6.613196105176e-04,1.7267653453,1.6501412200,1.8153755549,0.5074017861,-0.3342752759,1.2497211563,-0.6604757417,-0.8609215403,0.4906431281
677,2.778957237798e-04,6.600668369787e-04,1.7267827452,1.6501277525,1.8153424028,0.5073957964,-0.3342913665,1.2496694021,-0.6604761441,-0.8608482824,0.4906518831
678,2.774512347588e-04,6.599263782676e-04,1.7267885609,1.6501236087,1.8153037095,0.5073728511,-0.3342658159,1.2496233630,-0.6604331701,-0.8608253630,0.4905991493
679,2.772730294425e-04,6.571994058608e-04,1.7267407899,1.6500960728,1.8153496314,0.5073724165,-0.3342347462,1.2495672458,-0.6604139371,-0.8608128785,0.4906136564
680,2.771417100373e-04,6.555252844894e-04,1.7267294810,1.6500290171,1.8152876352,0.5073731897,-0.3342103212,1.2495433718,-0.6604261873,-0.8608268069,0.4906182292
681,2.769973922854e-04,6.580725988720e-04,1.7267422901,1.6500455392,1.8152586083,0.5074323724,-0.3341868903,1.2494937058,-0.6603840684,-0.8608067089,0.4906133154
682,2.767590823482e-04,6.572928205397e-04,1.7267004090,1.6500790232,1.8152275493,0.5074099794,-0.3341617364,1.2494547718,-0.6604177487,-0.8607706481,0.4905805228
683,2.765971666001e-04,6.559553908774e-04,1.7267362822,1.6500613172,1.8152180947,0.5073658860,-0.3341605760,1.2494115206,-0.6604101633,-0.8607051035,0.4905923696
684,2.761267796015e-04,6.552394368639e-04,1.7267040192,1.6500263918,1.8152133676,0.5073777048,-0.3341525675,1.2494383735,-0.6603835539,-0.8606443180,0.4905434909
685,2.756675792491e-04,6.535593567030e-04,1.7267100669,1.6499914567,1.8152305861,0.5073937691,-0.3341729821,1.2494021342,-0.6603987369,-0.8606289388,0.4904660871
686,2.752565084177e-04,6.510569175135e-04,1.7266721353,1.6499650190,1.8152150818,0.5073867212,-0.3342085421,1.2493735372,-0.6603640199,-0.8605989890,0.4904078839
687,2.746788968568e-04,6.502653849709e-04,1.7266647055,1.6499323209,1.8152189339,0.5073835010,-0.3341773391,1.2493583758,-0.6603477641,-0.8605638860,0.4903294591
688,2.735915052918e-04,6.482937403056e-04,1.7266403154,1.6498602313,1.8152260285,0.5073931977,-0.3341309366,1.2493245498,-0.6603290392,-0.8604762614,0.4901786686
689,2.718060627281e-04,6.436542650756e-04,1.7267056985,1.6497581256,1.8152318190,0.5072658102,-0.3340462540,1.2491594348,-0.6602368116,-0.8603832169,0.4899003862
690,2.699459369677e-04,6.391871151766e-04,1.7266500497,1.6496064644,1.8152440768,0.5073013297,-0.3339836833,1.2490772973,-0.6602196992,-0.8601848269,0.4896137207
691,2.687392774067e-04,6.357378264708e-04,1.7262324044,1.6495725803,1.8150494335,0.5071516916,-0.3339265400,1.2492292147,-0.6596924669,-0.8601490304,0.4892997987
692,2.650052010353e-04,6.192161389128e-04,1.7262923661,1.6493250350,1.8150225953,0.5069597077,-0.3339656411,1.2487963414,-0.6595774164,-0.8598195985,0.4888234819
693,2.625150860384e-04,6.255525206877e-04,1.7266820692,1.6489841862,1.8150930702,0.5065077599,-0.3330032591,1.2484317004,-0.6593638962,-0.8592781674,0.4879959256
694,2.553202325638e-04,5.930363345698e-04,1.7261935579,1.6483882888,1.8150905553,0.5069772749,-0.3334819209,1.2480565859,-0.6595213991,-0.8584617008,0.4871685445
695,2.664435905116e-04,6.031974004079e-04,1.7255486492,1.6490463193,1.8148117948,0.5069038246,-0.3333623765,1.2473867292,-0.6601959671,-0.8588346687,0.4864130048
696,2.561313239056e-04,5.900527530276e-04,1.7260641643,1.6483381942,1.8152926315,0.5070886919,-0.3333771829,1.2478476647,-0.6594002147,-0.8585367547,0.4872806266
697,2.630697740028e-04,6.273107443633e-04,1.7266182583,1.6483406088,1.8148819873,0.5074379730,-0.3336271304,1.2480060551,-0.6591541919,-0.8584783143,0.4869615264
698,2.559118629255e-04,5.909671302067e-04,1.7261771821,1.6482519680,1.8149835134,0.5069776609,-0.3334472822,1.2480355635,-0.6595577011,-0.8585384066,0.4871976471
699,2.577930365318e-04,5.851877713199e-04,1.7261684716,1.6482130796,1.8153241170,0.5067867809,-0.3336133344,1.2481765653,-0.6595489941,-0.8584587429,0.4870950693
700,2.553522321194e-04,5.930440921097e-04,1.7261382705,1.6483948205,1.8150633076,0.5069589782,-0.3334786381,1.2480867901,-0.6594541426,-0.8584690218,0.4871505630
701,2.533120241547e-04,5.883357613292e-04,1.7261630458,1.6483973486,1.8150417675,0.5069330939,-0.3334800715,1.2480238804,-0.6595239162,-0.8583082623,0.4872687042
702,2.531291475253e-04,5.913547661148e-04,1.7261112776,1.6483955272,1.8150551707,0.5070139341,-0.3333828696,1.2481306157,-0.6595786569,-0.8582295398,0.4872925275
703,2.526781908130e-04,5.898500294310e-04,1.7260671158,1.6484415094,1.8150280489,0.5069898649,-0.3333771600,1.2480900999,-0.6596196751,-0.8581947882,0.4872850328
704,2.518238730355e-04,5.897936825636e-04,1.7260820745,1.6484578871,1.8149888354,0.5070077778,-0.3333908305,1.2480641809,-0.6595984040,-0.8581168848,0.4873014445
705,2.514521593457e-04,5.908661161287e-04,1.7261206801,1.6484798982,1.8149721977,0.5069652034,-0.3333304236,1.2480496733,-0.6595781208,-0.8580782132,0.4873144587
706,2.512220727345e-04,5.912115775389e-04,1.7261226360,1.6485259852,1.8149403787,0.5069628703,-0.3333525404,1.2480514025,-0.6595745581,-0.8580463974,0.4873875149
707,2.507214641642e-04,5.886328598887e-04,1.7261143615,1.6485009773,1.8149451754,0.5069329935,-0.3333726564,1.2480368048,-0.6595725559,-0.8579583515,0.4873834340
708,2.505315316301e-04,5.902471947293e-04,1.7261728054,1.6485355208,1.8149637333,0.5069563795,-0.3333860207,1.2480174778,-0.6596155985,-0.8579171896,0.4873634175
709,2.500858319646e-04,5.917000067737e-04,1.7261521331,1.6485468260,1.8149240316,0.5069948814,-0.3333547337,1.2480178642,-0.6596021604,-0.8578471820,0.4873453745
710,2.500801534805e-04,5.908201675460e-04,1.7261053359,1.6485825401,1.8149211268,0.5069588345,-0.3333276234,1.2480106225,-0.6596521879,-0.8578038091,0.4873379355
711,2.499759607530e-04,5.918701071163e-04,1.7261224741,1.6485621610,1.8149521467,0.5069725255,-0.3333007859,1.2480773364,-0.6596543707,-0.8577576232,0.4873667871
712,2.498843963369e-04,5.910405813623e-04,1.7261469429,1.6485064474,1.8148972164,0.5069786706,-0.3332872603,1.2480541429,-0.6596927538,-0.8577357536,0.4873906566
713,2.495894187226e-04,5.919517151090e-04,1.7261768079,1.6485171590,1.8148475679,0.5069528152,-0.3333127115,1.2480835789,-0.6596631026,-0.8576864475,0.4873584799
714,2.491714697015e-04,5.920635524765e-04,1.7261912588,1.6485184519,1.8148465624,0.5069621675,-0.3333093219,1.2480448739,-0.6596127654,-0.8576116380,0.4873662998
715,2.490096954273e-04,5.913394025882e-04,1.7261671485,1.6485080217,1.8148362184,0.5070054751,-0.3333672785,1.2480441192,-0.6596060671,-0.8575491529,0.4873619908
716,2.492509487905e-04,5.948182336867e-04,1.7261887535,1.6485635755,1.8147916716,0.5070321723,-0.3333578392,1.2480441668,-0.6595814092,-0.8575203452,0.4874091378
717,2.489838516744e-04,5.924262811753e-04,1.7261973453,1.6485226282,1.8148490748,0.5070214355,-0.3333684778,1.2480360873,-0.6596284254,-0.8575441245,0.4873429211
718,2.484575224972e-04,5.920337595178e-04,1.7261988120,1.6484820200,1.8148508986,0.5070252265,-0.3333360452,1.2480255038,-0.6595959412,-0.8574999065,0.4872784479
719,2.480319557843e-04,5.899977483439e-04,1.7262214285,1.6484380847,1.8148742218,0.5069896934,-0.3333407365,1.2480043192,-0.6595703432,-0.8574428490,0.4872414345
720,2.476029241933e-04,5.889081858618e-04,1.7262106943,1.6483909981,1.8148698502,0.5070046012,-0.3333543951,1.2480149331,-0.6595606349,-0.8573913547,0.4871752442
721,2.471552539955e-04,5.893560679682e-04,1.7262245522,1.6483647859,1.8148605785,0.5070115585,-0.3333274324,1.2480026305,-0.6595202919,-0.8573282642,0.4871252421
722,2.465211958186e-04,5.902498287078e-04,1.7263012881,1.6483290762,1.8148772532,0.5070354362,-0.3333450270,1.2479791315,-0.6595120653,-0.8571931749,0.4870120624
723,2.459614819216e-04,5.867406925597e-04,1.7262475695,1.6482489508,1.8148551845,0.5070266510,-0.3333786720,1.2479614027,-0.6594111446,-0.8570583117,0.4869944364
724,2.457336664418e-04,5.835107977125e-04,1.7262379384,1.6481198897,1.8148654344,0.5070877976,-0.3333091465,1.2478659772,-0.6594775977,-0.8570411777,0.4870219519
725,2.454960798930e-04,5.829096909650e-04,1.7262654755,1.6480710511,1.8148055497,0.5070470720,-0.3332911833,1.2478868051,-0.6594824083,-0.8570253209,0.4869978546
726,2.452964064310e-04,5.833088023082e-04,1.7262720441,1.6480370711,1.8148487341,0.5070475960,-0.3332491777,1.2479499979,-0.6594740876,-0.8569920051,0.4869981157
727,2.447199668060e-04,5.813282990244e-04,1.7262263376,1.6480454602,1.8148539051,0.5070062503,-0.3332104195,1.2479385179,-0.6595005790,-0.8569493882,0.4869539304
728,2.443192899705e-04,5.819277539997e-04,1.7261898170,1.6480525632,1.8148222737,0.5070195315,-0.3331673904,1.2479506608,-0.6595191066,-0.8568903387,0.4869138082
729,2.439380445523e-04,5.792671151026e-04,1.7261692590,1.6480323741,1.8148370179,0.5069786615,-0.3331703622,1.2479503324,-0.6595618607,-0.8568274177,0.4868752580
730,2.435819231154e-04,5.792628005288e-04,1.7261791517,1.6480407153,1.8148441567,0.5069380812,-0.3331098049,1.2479175427,-0.6595428224,-0.8567781562,0.4868506952
731,2.432518631207e-04,5.776913750365e-04,1.7261376429,1.6480095159,1.8148546161,0.5069208469,-0.3330814235,1.2479143183,-0.6595259266,-0.8567838993,0.4867747818
732,2.428746629886e-04,5.774407270266e-04,1.7261291233,1.6479786041,1.8148689682,0.5069095849,-0.3330347994,1.2479393372,-0.6595239645,-0.8567216569,0.4867304948
733,2.428713835340e-04,5.753058752499e-04,1.7260638823,1.6479611530,1.8148558744,0.5068583587,-0.3329922939,1.2479461363,-0.6595271394,-0.8566959045,0.4867413259
734,2.425909492894e-04,5.753424526869e-04,1.7261002282,1.6479322667,1.8147939488,0.5068377064,-0.3329898184,1.2479347780,-0.6595344629,-0.8566740611,0.4866873134
735,2.421783268358e-04,5.745793251641e-04,1.7260950013,1.6479119449,1.8148040944,0.5068682514,-0.3329732291,1.2478784777,-0.6595515167,-0.8566268254,0.4866367487
736,2.422815891114e-04,5.760057774107e-04,1.7261149114,1.6479268614,1.8148180933,0.5068655656,-0.3329223834,1.2478756080,-0.6596137817,-0.8566323238,0.4865850067
737,2.421694674024e-04,5.757496134514e-04,1.7260797526,1.6479493497,1.8147880490,0.5068784616,-0.3329790222,1.2478885147,-0.6595462044,-0.8566145434,0.4866228459
738,2.416532571506e-04,5.740358880869e-04,1.7260863499,1.6479284724,1.8148091441,0.5068609579,-0.3330053354,1.2478636011,-0.6595047327,-0.8565580289,0.4865724240
739,2.411522297127e-04,5.742394029626e-04,1.7260938258,1.6478976897,1.8148038835,0.5068835346,-0.3329867187,1.2478390978,-0.6594415007,-0.8565151388,0.4865315055
740,2.403354259745e-04,5.715692929340e-04,1.7260686206,1.6477947242,1.8148021545,0.5069343757,-0.3330366557,1.2478332719,-0.6593915183,-0.8564115962,0.4864293877
741,2.395272228550e-04,5.678575360487e-04,1.7260359198,1.6477510930,1.8147810411,0.5069029006,-0.3330409456,1.2477123231,-0.6593025306,-0.8563298925,0.4863497059
742,2.388484237443e-04,5.703701812102e-04,1.7260543283,1.6477827316,1.8147798755,0.5068983597,-0.3330332838,1.2477264057,-0.6591992104,-0.8562328766,0.4862144507
743,2.386718016605e-04,5.715534088684e-04,1.7261315019,1.6477603516,1.8147743000,0.5069138811,-0.3330281162,1.2476846474,-0.6591818074,-0.8560612694,0.4862562717
744,2.382820318172e-04,5.686647396738e-04,1.7260974573,1.6477374311,1.8147732238,0.5068988286,-0.3330818920,1.2476775548,-0.6591895815,-0.8560189032,0.4861989096
745,2.379599189792e-04,5.677843334081e-04,1.7260630131,1.6476952846,1.8147462253,0.5069285792,-0.3330885030,1.2476656541,-0.6591619641,-0.8559861270,0.4861405922
746,2.377904638463e-04,5.657641526573e-04,1.7260895722,1.6476288899,1.8147921436,0.5069030006,-0.3330969243,1.2476648390,-0.6591386535,-0.8559867001,0.4861017551
747,2.374879931602e-04,5.640674071835e-04,1.7260247295,1.6476325770,1.8148547494,0.5069058410,-0.3330760295,1.2476675246,-0.6591226259,-0.8559530912,0.4861066573
748,2.376015942938e-04,5.641361124669e-04,1.7260150627,1.6476502154,1.8148995416,0.5069483896,-0.3331216482,1.2476233986,-0.6590973056,-0.8559423401,0.4860751319
749,2.376450472514e-04,5.639101386972e-04,1.7260184712,1.6476281479,1.8148471746,0.5069010365,-0.3331003341,1.2476824141,-0.6590900730,-0.8559549796,0.4861286820
750,2.368743747458e-04,5.617767954015e-04,1.7259862173,1.6476208703,1.8148534643,0.5068574097,-0.3330387539,1.2476582452,-0.6591348780,-0.8559092608,0.4860568004
751,2.360256690528e-04,5.597796614493e-04,1.7259247342,1.6475902409,1.8148716957,0.5068175391,-0.3329781533,1.2477214557,-0.6591887215,-0.8558068648,0.4859458610
752,2.354007642611e-04,5.549445333338e-04,1.7258504200,1.6475735451,1.8148467001,0.5066955128,-0.3329333283,1.2476481290,-0.6591659411,-0.8557407249,0.4858658364
753,2.349326480935e-04,5.533221197660e-04,1.7257893871,1.6475381097,1.8148548297,0.5066567750,-0.3329120414,1.2477187141,-0.6591901566,-0.8556290209,0.4857435537
754,2.344193295113e-04,5.558877126122e-04,1.7258046413,1.6474954559,1.8148700662,0.5067009552,-0.3327376786,1.2476890662,-0.6591535453,-0.8555731329,0.4857392315
755,2.347007197758e-04,5.500379882306e-04,1.7257234312,1.6473736520,1.8148812666,0.5067101011,-0.3327219483,1.2476323649,-0.6592669224,-0.8555541946,0.4857802697
756,2.343266589831e-04,5.557129316534e-04,1.7258274632,1.6475017962,1.8148790505,0.5066895450,-0.3327458182,1.2476829202,-0.6591621139,-0.8555387242,0.4857583796
757,2.346214239360e-04,5.562403522155e-04,1.7258339422,1.6475350614,1.8149359263,0.5066386943,-0.3326980559,1.2476931236,-0.6591840366,-0.8555445615,0.4857469445
758,2.342365846941e-04,5.546303823485e-04,1.7258451276,1.6474693286,1.8148945036,0.5066731285,-0.3327548885,1.2476777792,-0.6591431052,-0.8555471525,0.4857491896
759,2.337924161651e-04,5.534860174663e-04,1.7258356604,1.6474652723,1.8148547875,0.5066448586,-0.3327526605,1.2476303016,-0.6590902336,-0.8555004714,0.4857323448
760,2.336467986826e-04,5.546940943530e-04,1.7258946087,1.6474560703,1.8148017301,0.5066408033,-0.3327409422,1.2476111252,-0.6591232433,-0.8554988208,0.4856874955
761,2.336462469289e-04,5.548969278871e-04,1.7259042656,1.6474256452,1.8147483989,0.5066046336,-0.3327205074,1.2476594391,-0.6590975449,-0.8554803510,0.4857202862
762,2.331555394015e-04,5.554117575248e-04,1.7259269075,1.6474068634,1.8147429684,0.5066376560,-0.3327288243,1.2476390462,-0.6590497162,-0.8554166459,0.4856858820
763,2.327032977890e-04,5.554802837111e-04,1.7259487884,1.6474019315,1.8147463389,0.5066283729,-0.3327153064,1.2476037302,-0.6590029667,-0.8553543377,0.4856422748
764,2.326760602641e-04,5.577392832411e-04,1.7260266865,1.6473854730,1.8147128111,0.5066780108,-0.3327097491,1.2474838963,-0.6588912330,-0.8553006693,0.4856600847
765,2.321789257638e-04,5.567144515818e-04,1.7260239548,1.6473947461,1.8147331271,0.5066240848,-0.3326828416,1.2474757351,-0.6588788579,-0.8552530621,0.4856019850
766,2.319387607362e-04,5.581365595430e-04,1.7260720450,1.6473796948,1.8147376917,0.5066306028,-0.3326682005,1.2475001417,-0.6588972242,-0.8552116565,0.4855346375
767,2.316899861033e-04,5.575595837493e-04,1.7260483234,1.6473585705,1.8147455067,0.5066096653,-0.3326603791,1.2475473349,-0.6588484406,-0.8551500017,0.4855299409
768,2.314828786273e-04,5.573897968393e-04,1.7260767267,1.6473525768,1.8147126802,0.5065351781,-0.3326141881,1.2475562056,-0.6588418508,-0.8551351720,0.4855224728
769,2.311763081519e-04,5.552300830897e-04,1.7260678845,1.6473576420,1.8146873931,0.5064883193,-0.3326741040,1.2475454865,-0.6588366817,-0.8551012017,0.4854758311
770,2.310013977942e-04,5.558804869055e-04,1.7260372001,1.6473565348,1.8146589241,0.5064923914,-0.3326520981,1.2475517957,-0.6587921992,-0.8551338654,0.4854075632
771,2.309562563194e-04,5.583704544339e-04,1.7260179980,1.6474273688,1.8146207357,0.5065060034,-0.3326301241,1.2475562325,-0.6588021683,-0.8550863266,0.4853971551
772,2.305416409946e-04,5.573170120692e-04,1.7260237970,1.6474296928,1.8146454200,0.5064651333,-0.3326241359,1.2475271932,-0.6587611860,-0.8550426148,0.4853404817
773,2.298102650189e-04,5.563189040751e-04,1.7260590957,1.6474094164,1.8146296676,0.5063944524,-0.3326357520,1.2474993615,-0.6586625495,-0.8549452887,0.4852265173
774,2.281787398927e-04,5.443808091478e-04,1.7258845800,1.6472072170,1.8145843477,0.5063427690,-0.3325414786,1.2473460093,-0.6587590269,-0.8547782213,0.4851068894
775,2.265427746340e-04,5.370715787181e-04,1.7258364662,1.6470248328,1.8144600822,0.5062491666,-0.3325207553,1.2472539946,-0.6586991897,-0.8545567718,0.4849101632
776,2.251749257163e-04,5.344672214990e-04,1.7258651154,1.6468451075,1.8144818258,0.5058940152,-0.3319166542,1.2470963342,-0.6585998913,-0.8543375878,0.4847296748
777,2.271699162069e-04,5.351829585326e-04,1.7257868607,1.6470799545,1.8145054093,0.5058075726,-0.3320007916,1.2468589007,-0.6587823736,-0.8536505539,0.4846857949
778,2.245994067992e-04,5.377448170979e-04,1.7259603371,1.6468212150,1.8143622378,0.5059556347,-0.3318993033,1.2470658104,-0.6585391822,-0.8542942917,0.4848036400
779,2.234245798473e-04,5.343609714032e-04,1.7259927278,1.6465698809,1.8141681757,0.5059401145,-0.3319374809,1.2470795660,-0.6583691804,-0.8543059325,0.4846387213
780,2.237485935601e-04,5.258923069222e-04,1.7257941208,1.6465858914,1.8141322398,0.5058316113,-0.3319852623,1.2468849354,-0.6581695741,-0.8543752511,0.4847884633
781,2.235817507235e-04,5.340729400028e-04,1.7260250609,1.6465900186,1.8141331500,0.5059032664,-0.3319515737,1.2470327263,-0.6584111504,-0.8543429662,0.4846177710
782,2.232149081819e-04,5.357940668922e-04,1.7260140158,1.6465451038,1.8142299971,0.5060658856,-0.3319075326,1.2469663207,-0.6583382597,-0.8543284013,0.4845746098
783,2.232974284241e-04,5.378891986084e-04,1.7259667049,1.6465676287,1.8141730996,0.5061033474,-0.3318647725,1.2469796090,-0.6583469738,-0.8543382603,0.4845537424
784,2.232038318266e-04,5.344263657990e-04,1.7260011005,1.6465125332,1.8142279786,0.5060709618,-0.3319060424,1.2469576699,-0.6583672895,-0.8543274030,0.4845925464
785,2.233807018919e-04,5.359215060482e-04,1.7260507074,1.6464518090,1.8142212032,0.5060859679,-0.3318713898,1.2469740711,-0.6583227682,-0.8543330137,0.4846024060
786,2.229952177224e-04,5.340041378281e-04,1.7259999067,1.6465116402,1.8142297886,0.5060511768,-0.3318799559,1.2469423709,-0.6583685221,-0.8542944499,0.4845824933
787,2.226104884341e-04,5.330388988332e-04,1.7259962884,1.6465031746,1.8142109255,0.5060669558,-0.3319207798,1.2469219054,-0.6583643513,-0.8542128436,0.4845590830
788,2.221844315526e-04,5.302941807107e-04,1.7259573907,1.6464720802,1.8142425161,0.5060414585,-0.3319294888,1.2469217044,-0.6583648235,-0.8541811742,0.4844898517
789,2.217296437487e-04,5.286431920642e-04,1.7259335293,1.6464712801,1.8142822780,0.5060346017,-0.3319254956,1.2469023482,-0.6583771280,-0.8541037476,0.4844542839
790,2.209906257275e-04,5.250317633597e-04,1.7258845666,1.6464400643,1.8143096187,0.5060696088,-0.3320305482,1.2468898880,-0.6583799521,-0.8539781209,0.4843666832
791,2.200195341554e-04,5.220429924914e-04,1.7258796053,1.6463568159,1.8143316198,0.5060410493,-0.3320020072,1.2468631168,-0.6583467248,-0.8538345138,0.4842745579
792,2.184541667861e-04,5.118271410768e-04,1.7257868320,1.6461413575,1.8144348117,0.5060118319,-0.3319674639,1.2467971949,-0.6584053384,-0.8535760506,0.4841415510
793,2.161158035164e-04,5.150841377778e-04,1.7258166657,1.6463598066,1.8146355384,0.5059645218,-0.3318418543,1.2466325715,-0.6583169622,-0.8529000595,0.4839385547
794,2.144543038540e-04,5.098620672889e-04,1.7258790212,1.6460300265,1.8144995725,0.5060698299,-0.3321062606,1.2465977459,-0.6580796131,-0.8523878435,0.4836099866
795,2.135758930655e-04,4.919688131432e-04,1.7255827435,1.6458207571,1.8148112623,0.5061810774,-0.3322048499,1.2464358280,-0.6584422672,-0.8519089935,0.4835636541
796,2.101465751336e-04,4.820668761056e-04,1.7253557198,1.6458553997,1.8151657397,0.5059446315,-0.3322296007,1.2465912733,-0.6582710348,-0.8519784127,0.4829747706
797,2.101417891194e-04,4.768367755240e-04,1.7253783879,1.6454694535,1.8153343433,0.5056319209,-0.3317306280,1.2465752423,-0.6581301837,-0.8518439540,0.4826969798
798,2.102880809263e-04,4.734400889744e-04,1.7254374079,1.6455300219,1.8152186321,0.5054750916,-0.3318070324,1.2463644518,-0.6582911003,-0.8518739497,0.4825025591
799,2.103041790935e-04,4.794197306695e-04,1.7254364178,1.6454753282,1.8153438511,0.5056587756,-0.3317181313,1.2466252973,-0.6581774896,-0.8518370409,0.4826680118
800,2.096132746882e-04,4.778442312821e-04,1.7253419615,1.6455814530,1.8154092785,0.5056213995,-0.3317574332,1.2465633893,-0.6580354293,-0.8517612909,0.4826358846
801,2.095690977061e-04,4.804198024313e-04,1.7252296199,1.6456213050,1.8153066651,0.5056861640,-0.3316816935,1.2465924798,-0.6580476980,-0.8517451440,0.4825720627
802,2.098544518438e-04,4.796315507267e-04,1.7252099345,1.6456295226,1.8152851212,0.5056207521,-0.3317020909,1.2466467899,-0.6580590176,-0.8517134057,0.4825894123
803,2.091717125801e-04,4.798037741215e-04,1.7252386420,1.6455974987,1.8152874746,0.5056968890,-0.3317049483,1.2465960777,-0.6580283841,-0.8517303553,0.4825571260
804,2.088125867461e-04,4.786635692853e-04,1.7252255169,1.6455598003,1.8152912056,0.5057295877,-0.3317559929,1.2465921575,-0.6579824339,-0.8517289334,0.4825062431
805,2.080245477882e-04,4.772499739842e-04,1.7252280841,1.6455366831,1.8152854888,0.5057631708,-0.3317657360,1.2465523234,-0.6579871053,-0.8516486534,0.4825184948
806,2.071670040689e-04,4.776985298953e-04,1.7252672824,1.6455339514,1.8152440674,0.5057886496,-0.3317668414,1.2465217969,-0.6579339246,-0.8516004840,0.4825215885
807,2.064592804355e-04,4.774647298353e-04,1.7252863288,1.6455173521,1.8152224806,0.5058273522,-0.3317810683,1.2464818116,-0.6578928461,-0.8515381208,0.4825171194
808,2.061261767025e-04,4.793190729954e-04,1.7253375073,1.6454865748,1.8151544212,0.5058636099,-0.3318388462,1.2464855205,-0.6577457085,-0.8515537469,0.4824447238
809,2.054161387476e-04,4.781792003539e-04,1.7253377023,1.6454461364,1.8151536881,0.5059462973,-0.3318657149,1.2463928544,-0.6577199436,-0.8514069755,0.4824482376
810,2.057293181041e-04,4.836230667565e-04,1.7253485089,1.6455142183,1.8151462636,0.5060466066,-0.3317509082,1.2463036402,-0.6576913717,-0.8514620273,0.4824362309
811,2.053423123244e-04,4.777322534705e-04,1.7253391128,1.6454220041,1.8151642112,0.5059267399,-0.3318345143,1.2463918692,-0.6577111576,-0.8513985932,0.4824309025
812,2.049056432423e-04,4.783898315205e-04,1.7253384822,1.6454459667,1.8151011599,0.5059027177,-0.3318082961,1.2464088297,-0.6576932848,-0.8513409025,0.4824467187
813,2.044782960530e-04,4.774782752807e-04,1.7252728002,1.6454350385,1.8150663468,0.5059195173,-0.3318062430,1.2464285050,-0.6576886762,-0.8512975005,0.4824045766
814,2.042633970352e-04,4.779092221282e-04,1.7252561730,1.6454829699,1.8150932928,0.5058994119,-0.3318147972,1.2464352809,-0.6576488338,-0.8512368133,0.4823744709
815,2.041846608773e-04,4.754301569079e-04,1.7251962815,1.6454645378,1.8150820461,0.5058738580,-0.3318188492,1.2464057737,-0.6575989750,-0.8512335910,0.4824181791
816,2.040176603476e-04,4.763132597070e-04,1.7251880792,1.6454378978,1.8150603258,0.5059020611,-0.3318022565,1.2464517830,-0.6575713415,-0.8511648511,0.4824268326
817,2.035038018625e-04,4.747905750778e-04,1.7251808564,1.6454290058,1.8150030546,0.5058740170,-0.3318128876,1.2464180271,-0.6575793430,-0.8511115934,0.4823862195
818,2.032512954594e-04,4.751024915532e-04,1.7251804889,1.6454306834,1.8149410233,0.5058463975,-0.3318235860,1.2464401015,-0.6575340027,-0.8511195727,0.4823345941
819,2.028499799894e-04,4.738157694206e-04,1.7251423230,1.6454420457,1.8148918171,0.5058041740,-0.3318074344,1.2464406311,-0.6575609707,-0.8510701653,0.4823066535
820,2.025775645868e-04,4.735153648409e-04,1.7251587186,1.6454655971,1.8148733897,0.5057587074,-0.3318169132,1.2464162601,-0.6575374468,-0.8509992060,0.4822843524
821,2.022322295343e-04,4.717493326672e-04,1.7251067149,1.6454506233,1.8148797168,0.5057713203,-0.3318447037,1.2464006580,-0.6575353495,-0.8509648779,0.4822159878
822,2.018892442269e-04,4.711942797768e-04,1.7250613620,1.6454461789,1.8148492720,0.5057619779,-0.3318392538,1.2464278040,-0.6575235763,-0.8508997210,0.4821740527
823,2.020914014743e-04,4.713273739927e-04,1.7250444754,1.6454785676,1.8148055003,0.5057821882,-0.3319126192,1.2464331140,-0.6575420614,-0.8508821621,0.4821908070
824,2.019303551392e-04,4.698348063775e-04,1.7250662724,1.6454186567,1.8148597388,0.5057354251,-0.3318611298,1.2464453324,-0.6575337428,-0.8508984173,0.4821776505
825,2.014707441001e-04,4.698315845525e-04,1.7250521407,1.6454014234,1.8148100379,0.5057513118,-0.3318051082,1.2463839756,-0.6575259145,-0.8508714799,0.4821253808
826,2.013036790085e-04,4.676710875207e-04,1.7249905408,1.6453951250,1.8148017468,0.5057033614,-0.3317788072,1.2463466711,-0.6574962321,-0.8508633269,0.4820976878
827,2.010070990049e-04,4.683794099788e-04,1.7250035267,1.6454067571,1.8147964759,0.5056893005,-0.3317480219,1.2463492914,-0.6575265714,-0.8508422078,0.4820131332
828,2.005659136565e-04,4.690165566930e-04,1.7250268703,1.6453795181,1.8147746217,0.5057014536,-0.3317489835,1.2463566225,-0.6574596791,-0.8508354471,0.4819538639
829,2.001064792479e-04,4.690793619022e-04,1.7250365101,1.6453423398,1.8147760688,0.5057221366,-0.3317260694,1.2463428698,-0.6574256657,-0.8507788341,0.4818989200
830,1.996379034557e-04,4.696245498361e-04,1.7249959484,1.6452409408,1.8147285013,0.5057898609,-0.3316625230,1.2463782297,-0.6573912871,-0.8507707166,0.4817777281
831,1.990744193184e-04,4.655947309554e-04,1.7250615390,1.6451367573,1.8146774540,0.5057389736,-0.3317274954,1.2462913062,-0.6573948840,-0.8507343531,0.4816968826
832,1.984441666377e-04,4.649112331644e-04,1.7250695333,1.6451256826,1.8146991071,0.5056898105,-0.3317241386,1.2462562495,-0.6572844405,-0.8506558970,0.4815652232
833,1.980168956826e-04,4.680109905244e-04,1.7251604703,1.6451130410,1.8145890012,0.5056459705,-0.3316320858,1.2462772100,-0.6572401617,-0.8505744311,0.4815691032
834,1.972948324228e-04,4.679750318387e-04,1.7251898161,1.6451138023,1.8146076213,0.5056371435,-0.3315667101,1.2462405876,-0.6573355318,-0.8504675530,0.4814569424
835,1.967596968743e-04,4.675264980312e-04,1.7251978612,1.6450832316,1.8145477179,0.5055727998,-0.3315128031,1.2462387683,-0.6573603422,-0.8504398219,0.4812926916
836,1.959346712134e-04,4.656952321387e-04,1.7251931611,1.6449798268,1.8145454255,0.5056029506,-0.3314555861,1.2461880350,-0.6573471051,-0.8503066523,0.4812247651
837,1.959069370984e-04,4.720824859066e-04,1.7253612135,1.6449276670,1.8145611026,0.5057341552,-0.3312887288,1.2459670345,-0.6572909567,-0.8502597393,0.4810528893
838,1.949490943497e-04,4.677735774155e-04,1.7252956985,1.6448200833,1.8145040750,0.5056788423,-0.3312737152,1.2460020635,-0.6572770646,-0.8501643418,0.4809687719
839,1.937915936548e-04,4.697415630915e-04,1.7252101866,1.6449189561,1.8142913877,0.5058084055,-0.3314216684,1.2459866363,-0.6572826227,-0.8499457118,0.4808642191
840,1.933101887170e-04,4.701778840975e-04,1.7252960934,1.6447832207,1.8143071406,0.5058200675,-0.3315157254,1.2461802527,-0.6573007026,-0.8496911429,0.4807147348
841,1.913239763687e-04,4.590619142528e-04,1.7251387987,1.6447540941,1.8142274876,0.5056289510,-0.3314897756,1.2460290707,-0.6573251934,-0.8494326566,0.4806903310
842,1.905924470165e-04,4.524970127955e-04,1.7249662484,1.6446857235,1.8140289641,0.5054754111,-0.3314539627,1.2459350988,-0.6572974028,-0.8492696064,0.4805319175
843,1.914123079801e-04,4.547156598970e-04,1.7250881369,1.6448352969,1.8140790261,0.5054046033,-0.3314794763,1.2457241599,-0.6573546076,-0.8490115719,0.4805160847
844,1.903517106185e-04,4.538691908403e-04,1.7249362650,1.6447340935,1.8140650850,0.5054789678,-0.3314190899,1.2459636136,-0.6572448987,-0.8492522756,0.4805130039
845,1.907507421606e-04,4.554357430837e-04,1.7248580975,1.6447206052,1.8140567857,0.5055479370,-0.3313105757,1.2460022630,-0.6573368892,-0.8491861479,0.4805657112
846,1.903045553550e-04,4.529510896804e-04,1.7249160982,1.6447347407,1.8140898525,0.5054838587,-0.3314323696,1.2459548422,-0.6572668428,-0.8492614833,0.4804877865
847,1.901521545722e-04,4.507467321194e-04,1.7248761301,1.6446947743,1.8141148361,0.5055072389,-0.3314672539,1.2459307832,-0.6572156118,-0.8492398039,0.4805150641
848,1.897185207429e-04,4.507684976155e-04,1.7248778762,1.6446669172,1.8141172410,0.5055205702,-0.3314931534,1.2459817198,-0.6571804487,-0.8492145236,0.4804526416
849,1.899396292239e-04,4.497448915411e-04,1.7248404479,1.6446833280,1.8141173388,0.5054792519,-0.3315484419,1.2460389966,-0.6571745601,-0.8492000019,0.4804589326
850,1.896239736314e-04,4.496814472432e-04,1.7248851258,1.6446423637,1.8141427014,0.5054907863,-0.3314769885,1.2459866431,-0.6571824568,-0.8492114535,0.4804558446
851,1.891433173902e-04,4.492674820367e-04,1.7248842307,1.6446011163,1.8141581346,0.5054971794,-0.3314490076,1.2459819507,-0.6571286882,-0.8492245913,0.4803914226
852,1.887108915955e-04,4.493373874179e-04,1.7249168816,1.6445902293,1.8141922018,0.5055025588,-0.3314443543,1.2459582319,-0.6570985795,-0.8491684857,0.4803367667
853,1.883309774414e-04,4.486978007968e-04,1.7249183057,1.6445597725,1.8142218282,0.5054906357,-0.3314416168,1.2459659321,-0.6570450296,-0.8491455680,0.4802690107
854,1.881626166175e-04,4.470018987633e-04,1.7248941919,1.6445415969,1.8142554055,0.5054938658,-0.3314304828,1.2458946267,-0.6569937019,-0.8491403718,0.4802779745
855,1.879990872408e-04,4.453205853583e-04,1.7249172748,1.6444636620,1.8142292152,0.5055002008,-0.3314476235,1.2458613084,-0.6570061422,-0.8491303819,0.4802462131
856,1.877662488990e-04,4.443180813682e-04,1.7249029672,1.6444222521,1.8142507536,0.5054828058,-0.3314470023,1.2458755840,-0.6569493512,-0.8491276240,0.4801839473
857,1.875193798092e-04,4.436574618707e-04,1.7249272709,1.6444273501,1.8142839311,0.5054673197,-0.3314781985,1.2458614451,-0.6569412576,-0.8490483748,0.4801610623
858,1.875450054252e-04,4.466329401238e-04,1.7249425840,1.6444613705,1.8142602940,0.5055330998,-0.3314763843,1.2458416694,-0.6569155761,-0.8490381574,0.4801104257
859,1.873403171487e-04,4.432741659354e-04,1.7248977728,1.6444233820,1.8142702233,0.5054686756,-0.3314530468,1.2458636004,-0.6569520547,-0.8490227414,0.4801573917
860,1.872384161177e-04,4.435645497280e-04,1.7249009048,1.6443790076,1.8143219800,0.5055114270,-0.3314121080,1.2458847330,-0.6569591500,-0.8489863020,0.4801611221
861,1.871300191439e-04,4.420458130484e-04,1.7248716181,1.6443903688,1.8143658834,0.5055051524,-0.3314149318,1.2458575196,-0.6570164501,-0.8490059205,0.4801098425
862,1.868285700020e-04,4.419408233257e-04,1.7248937294,1.6443868097,1.8143619338,0.5054564315,-0.3313484363,1.2458308273,-0.6570165752,-0.8489764308,0.4800765961
863,1.864196848438e-04,4.397280650461e-04,1.7248522189,1.6443600359,1.8143592014,0.5054234127,-0.3313275572,1.2458073175,-0.6570139188,-0.8489130744,0.4800384832
864,1.856802189012e-04,4.359004178164e-04,1.7248116404,1.6442908673,1.8143952094,0.5053589452,-0.3312694064,1.2457570631,-0.6570048433,-0.8487909084,0.4799536154
865,1.844494719573e-04,4.297736973040e-04,1.7248015329,1.6441382272,1.8145259945,0.5052415080,-0.3311360625,1.2456586540,-0.6569821788,-0.8485707848,0.4797825319
866,1.848984970129e-04,4.137544463046e-04,1.7242212914,1.6439508725,1.8144238026,0.5051771909,-0.3313093192,1.2455841644,-0.6569664308,-0.8481329140,0.4796209995
867,1.844852516337e-04,4.380371246420e-04,1.7247433541,1.6441037375,1.8144491958,0.5054556569,-0.3308393164,1.2456472068,-0.6569725142,-0.8485999416,0.4796619704
868,1.844214523932e-04,4.296763738278e-04,1.7248373262,1.6440918306,1.8144807346,0.5052439691,-0.3311575788,1.2456863167,-0.6570301255,-0.8485669804,0.4797513849
869,1.847435363488e-04,4.331312353819e-04,1.7248523650,1.6441757622,1.8145021931,0.5051614957,-0.3310981256,1.2458068321,-0.6570432972,-0.8485134545,0.4796852803
870,1.843012813305e-04,4.302211918730e-04,1.7248499897,1.6441111925,1.8144815084,0.5052633960,-0.3311587509,1.2456754755,-0.6570498947,-0.8485362394,0.4797628747
871,1.843001821885e-04,4.290183616324e-04,1.7248688607,1.6440997935,1.8144668622,0.5052227436,-0.3311219701,1.2456117448,-0.6570877276,-0.8485225420,0.4797876425
872,1.845010925344e-04,4.283197915529e-04,1.7248616934,1.6440988006,1.8145327173,0.5052425691,-0.3311361972,1.2455892051,-0.6571426831,-0.8485404888,0.4797535095
873,1.844267528270e-04,4.287104982700e-04,1.7248608798,1.6440782753,1.8144825085,0.5052255001,-0.3311099904,1.2456343099,-0.6570991728,-0.8485181040,0.4798179324
874,1.837988999135e-04,4.295304542103e-04,1.7249266054,1.6440824809,1.8144693896,0.5052454313,-0.3311327010,1.2455848282,-0.6570353797,-0.8484763889,0.4797760388
875,1.835377878133e-04,4.309568959746e-04,1.7249806188,1.6440894786,1.8144421611,0.5052801756,-0.3311546784,1.2455521508,-0.6569904142,-0.8484375033,0.4797755608
876,1.833617889603e-04,4.296484915489e-04,1.7250119720,1.6440399262,1.8144428384,0.5052367833,-0.3311373507,1.2455126631,-0.6569433816,-0.8484439334,0.4797517858
877,1.833339660696e-04,4.310145380436e-04,1.7250623550,1.6440453854,1.8143977776,0.5052554921,-0.3311562960,1.2454671993,-0.6568965234,-0.8484232175,0.4797510603
878,1.834519362832e-04,4.314374187393e-04,1.7250910172,1.6439993244,1.8144552995,0.5052940548,-0.3311627092,1.2454891652,-0.6568742959,-0.8483890864,0.4797599137
879,1.835121790597e-04,4.320291288881e-04,1.7250916095,1.6440504253,1.8143988479,0.5052547197,-0.3311411310,1.2454765473,-0.6569001885,-0.8484491266,0.4797758586
880,1.832056717768e-04,4.293102972882e-04,1.7250304864,1.6440109031,1.8143602964,0.5052287067,-0.3311325169,1.2454625327,-0.6568973915,-0.8483719338,0.4798006090
881,1.830345398344e-04,4.274089304337e-04,1.7250252360,1.6440038592,1.8143766759,0.5052120513,-0.3311261983,1.2453890234,-0.6569458352,-0.8483384783,0.4797789871
882,1.830611901921e-04,4.257034298130e-04,1.7250203778,1.6439377608,1.8143346163,0.5052241906,-0.3311643697,1.2453879083,-0.6569819121,-0.8483614421,0.4797588912
883,1.831626150792e-04,4.265776891397e-04,1.7250324904,1.6440085798,1.8143862740,0.5051845757,-0.3311629168,1.2453918824,-0.6569475102,-0.8483346903,0.4797932867
884,1.826648170141e-04,4.281773551178e-04,1.7250433191,1.6440083373,1.8143494607,0.5051847340,-0.3310959465,1.2454189189,-0.6569575331,-0.8482894579,0.4797172028
885,1.822562905449e-04,4.277046253742e-04,1.7250070483,1.6440033884,1.8143262930,0.5051682397,-0.3310561525,1.2454047180,-0.6569382918,-0.8482511154,0.4796521987
886,1.816229058071e-04,4.283074787209e-04,1.7249980181,1.6439892869,1.8142657657,0.5051205264,-0.3309264497,1.2453801421,-0.6569430186,-0.8481844260,0.4795431902
887,1.811981716363e-04,4.254997579320e-04,1.7249509795,1.6439956526,1.8142401420,0.5050051039,-0.3309484116,1.2453741195,-0.6569117371,-0.8480818556,0.4794347922
888,1.810741231073e-04,4.268057011362e-04,1.7250140149,1.6439864269,1.8141825830,0.5049129827,-0.3308316575,1.2453659146,-0.6569597344,-0.8480211490,0.4793680524
889,1.806816685732e-04,4.257661173025e-04,1.7248931316,1.6439641333,1.8141599244,0.5049496733,-0.3307483751,1.2452891123,-0.6568941727,-0.8480089530,0.4792922303
890,1.803673253400e-04,4.296551493880e-04,1.7249046948,1.6440392233,1.8140651319,0.5050537179,-0.3307782316,1.2452692714,-0.6569023302,-0.8478978498,0.4792653726
891,1.798758369280e-04,4.291165125013e-04,1.7249169997,1.6439909687,1.8141117155,0.5050866303,-0.3307690925,1.2452883259,-0.6568901365,-0.8478407832,0.4792450025
892,1.794396581917e-04,4.277191453391e-04,1.7249014248,1.6439623703,1.8141380206,0.5050870236,-0.3307844995,1.2452892534,-0.6568645308,-0.8477647588,0.4792053309
893,1.789956057339e-04,4.277221772293e-04,1.7249113736,1.6439232262,1.8141574853,0.5051128577,-0.3307504850,1.2452883226,-0.6568563179,-0.8476946215,0.4791710099
894,1.786450614978e-04,4.280576665268e-04,1.7249017015,1.6438232689,1.8140678662,0.5051412291,-0.3307671957,1.2454048697,-0.6568205573,-0.8476979912,0.4790940305
895,1.782235669723e-04,4.278125457416e-04,1.7248974152,1.6437929017,1.8140691853,0.5051591607,-0.3307567216,1.2454060177,-0.6568032990,-0.8476190002,0.4790483386
896,1.777993028427e-04,4.314863202802e-04,1.7249339759,1.6437614577,1.8140103683,0.5052512355,-0.3306697264,1.2454008354,-0.6568120469,-0.8475005637,0.4789847886
897,1.774580143762e-04,4.308698741510e-04,1.7248781258,1.6438035519,1.8139379933,0.5052508011,-0.3307603382,1.2453878025,-0.6567697058,-0.8473804958,0.4789121173
898,1.765845621531e-04,4.273263178283e-04,1.7247774469,1.6437186753,1.8139776439,0.5052563419,-0.3307053826,1.2453564289,-0.6566922003,-0.8473280892,0.4788210192
899,1.757367937090e-04,4.240088066692e-04,1.7247394246,1.6436290841,1.8140223450,0.5052059667,-0.3306621893,1.2453640674,-0.6566450336,-0.8472250497,0.4787150661
900,1.744081719574e-04,4.200414336677e-04,1.7245921919,1.6434864392,1.8140119959,0.5051660664,-0.3305049777,1.2453236634,-0.6565328614,-0.8470762738,0.4784800960
901,1.716975484416e-04,4.117032241140e-04,1.7245822988,1.6433520674,1.8140000142,0.5048969413,-0.3306198445,1.2454279265,-0.6564346482,-0.8464832406,0.4780752811
902,1.695860797237e-04,4.089893628223e-04,1.7243415591,1.6432633802,1.8137465335,0.5047929386,-0.3304837605,1.2453679270,-0.6562598826,-0.8460447376,0.4775711351
903,1.666189003275e-04,4.063018709836e-04,1.7243561719,1.6431527136,1.8141002383,0.5051044870,-0.3303870907,1.2451286730,-0.6561832551,-0.8454697176,0.4775235694
904,1.661586973914e-04,4.146327615185e-04,1.7246617631,1.6427870932,1.8141768652,0.5052253177,-0.3300231226,1.2452978843,-0.6562593679,-0.8450504029,0.4773005430
905,1.650211525721e-04,4.135417179839e-04,1.7244661244,1.6428178854,1.8141511030,0.5053528120,-0.3299427418,1.2450996655,-0.6561472086,-0.8448751634,0.4771788117
906,1.658266409719e-04,4.195878625572e-04,1.7245438498,1.6429868230,1.8140226522,0.5053976012,-0.3301134243,1.2450748705,-0.6561882081,-0.8446016565,0.4771527574
907,1.651030222218e-04,4.138487718121e-04,1.7245212606,1.6427990430,1.8141316559,0.5053334728,-0.3299488477,1.2450511119,-0.6560893894,-0.8448841472,0.4771846647
908,1.642916294124e-04,4.081863494158e-04,1.7244078009,1.6428205595,1.8142728304,0.5052346906,-0.3299105783,1.2450460255,-0.6561444394,-0.8448236435,0.4771434945
909,1.637170666513e-04,4.027235543203e-04,1.7243162390,1.6427137841,1.8143458679,0.5052379717,-0.3299903460,1.2450725237,-0.6560685259,-0.8447873410,0.4771165798
910,1.641390711488e-04,4.056910223559e-04,1.7243628258,1.6427618483,1.8144212730,0.5052876557,-0.3300280836,1.2450677858,-0.6560613298,-0.8448478630,0.4769675704
911,1.639414628887e-04,4.042216363060e-04,1.7243172190,1.6427366079,1.8143525769,0.5052379344,-0.3299767890,1.2450982905,-0.6560365773,-0.8447823725,0.4771229030
912,1.633870573094e-04,3.993956466035e-04,1.7242752273,1.6426649408,1.8143819861,0.5052410504,-0.3299836115,1.2450166206,-0.6560964367,-0.8447708690,0.4771365179
913,1.629508375798e-04,3.963804217216e-04,1.7242252121,1.6426228292,1.8143467191,0.5051924074,-0.3299735457,1.2450032552,-0.6561094663,-0.8447677020,0.4770958309
914,1.626782480754e-04,3.931852410339e-04,1.7241615154,1.6425781103,1.8143585830,0.5051620823,-0.3299454371,1.2449640705,-0.6561205896,-0.8447524779,0.4770816341
915,1.626581288453e-04,3.911145538551e-04,1.7241878111,1.6425182349,1.8143771941,0.5051116026,-0.3299589448,1.2449922498,-0.6561614738,-0.8447390729,0.4770805621
916,1.625900373817e-04,3.887040571903e-04,1.7241298786,1.6424846730,1.8144170265,0.5051025646,-0.3299253031,1.2449446159,-0.6561673073,-0.8447199706,0.4770875931
917,1.626678773253e-04,3.887976794545e-04,1.7240945041,1.6424806804,1.8144080776,0.5050662295,-0.3299061970,1.2449981808,-0.6561080490,-0.8446963902,0.4770931221
918,1.624171474235e-04,3.891406030050e-04,1.7241400238,1.6424846835,1.8144091936,0.5051155154,-0.3299212398,1.2449416126,-0.6561690465,-0.8446762949,0.4770723657
919,1.622301997314e-04,3.870241140839e-04,1.7241093677,1.6425080027,1.8143897522,0.5050858658,-0.3299894566,1.2449126702,-0.6561824391,-0.8446364364,0.4770720633
920,1.624658052756e-04,3.873905461307e-04,1.7240573768,1.6425043370,1.8143744090,0.5051293398,-0.3299945073,1.2449584257,-0.6562365008,-0.8446274526,0.4770660925
921,1.620322511647e-04,3.862643906409e-04,1.7241073219,1.6424769083,1.8143878024,0.5051074549,-0.3300133742,1.2449099915,-0.6561609553,-0.8446403828,0.4770704164
922,1.616188846298e-04,3.850621564835e-04,1.7241199356,1.6424294573,1.8143215392,0.5051064479,-0.3300151352,1.2448613337,-0.6561433804,-0.8446200781,0.4770601395
923,1.611677269288e-04,3.840252114047e-04,1.7241233644,1.6424082223,1.8143234511,0.5051040153,-0.3300367702,1.2448328484,-0.6561184292,-0.8446122992,0.4769731615
924,1.607271227499e-04,3.828424508391e-04,1.7241459143,1.6423694921,1.8143194204,0.5051186278,-0.3300717635,1.2447864522,-0.6560805477,-0.8445699701,0.4769391349
925,1.602832973657e-04,3.774671004187e-04,1.7241185308,1.6422808666,1.8143221337,0.5051101701,-0.3301308605,1.2446394345,-0.6560694416,-0.8446304617,0.4768898651
926,1.596085142664e-04,3.771358880605e-04,1.7241595916,1.6422600724,1.8142080610,0.5050616382,-0.3300926846,1.2445577503,-0.6560584827,-0.8445557203,0.4767967116
927,1.593485117244e-04,3.764720130782e-04,1.7242223273,1.6421908078,1.8141807397,0.5050948671,-0.3301485006,1.2444754368,-0.6559849900,-0.8444381358,0.4767794546
928,1.587980366886e-04,3.752558703571e-04,1.7241417944,1.6421276578,1.8141071306,0.5051710974,-0.3301797395,1.2445124553,-0.6560323979,-0.8444125951,0.4766652132
929,1.585617902806e-04,3.726807035694e-04,1.7240884971,1.6422073181,1.8141231511,0.5051026510,-0.3302783058,1.2444719416,-0.6560699844,-0.8443451932,0.4765726949
930,1.586055443022e-04,3.706448685896e-04,1.7240571092,1.6421723471,1.8140737487,0.5050950361,-0.3302883911,1.2444090958,-0.6561024793,-0.8443558957,0.4765642402
931,1.585290078461e-04,3.717010030606e-04,1.7241031121,1.6421782662,1.8141335925,0.5050779646,-0.3302845569,1.2444867699,-0.6560909647,-0.8443403427,0.4765715563
932,1.581607535195e-04,3.716238149354e-04,1.7241201149,1.6421594481,1.8141683203,0.5050837811,-0.3302630660,1.2444687935,-0.6560744984,-0.8443612006,0.4764901577
933,1.579768947623e-04,3.701946341667e-04,1.7240781850,1.6421307560,1.8141582198,0.5050394534,-0.3302584844,1.2444911185,-0.6560090855,-0.8443606957,0.4764666377
934,1.580421247347e-04,3.712886405648e-04,1.7241231961,1.6421366075,1.8141166938,0.5050343360,-0.3303050794,1.2445116421,-0.6559886094,-0.8444031130,0.4764295115
935,1.578949698188e-04,3.710144876454e-04,1.7240919333,1.6421432980,1.8141333584,0.5050259970,-0.3302284744,1.2444951038,-0.6560149859,-0.8443433880,0.4764564562
936,1.575147040285e-04,3.709974617477e-04,1.7240822330,1.6421197174,1.8141496265,0.5050321194,-0.3301960691,1.2445062820,-0.6560058555,-0.8443019377,0.4763785385
937,1.569641104219e-04,3.702239002202e-04,1.7241573311,1.6420815134,1.8141939027,0.5049923653,-0.3301723520,1.2444178478,-0.6559153421,-0.8442034734,0.4763229602
938,1.564109408300e-04,3.692135372440e-04,1.7241329055,1.6420131900,1.8142653368,0.5050153355,-0.3301454135,1.2444195761,-0.6558750151,-0.8441300195,0.4761768286
939,1.560970681319e-04,3.660438988555e-04,1.7241779393,1.6419095545,1.8142699135,0.5049216174,-0.3301639578,1.2444904424,-0.6559311871,-0.8440306394,0.4761713503
940,1.558342115735e-04,3.654037322459e-04,1.7241982492,1.6419051312,1.8143190452,0.5048050589,-0.3300599661,1.2444756893,-0.6559245274,-0.8440068478,0.4760621451
941,1.555584424905e-04,3.681413572461e-04,1.7241999115,1.6420051573,1.8143469063,0.5047980332,-0.3300793229,1.2445538366,-0.6558605382,-0.8438732846,0.4760347412
942,1.546882723634e-04,3.656025026142e-04,1.7241451801,1.6419755557,1.8142497257,0.5047826229,-0.3300860446,1.2444845492,-0.6558550870,-0.8437484587,0.4759573490
943,1.539792921108e-04,3.618211886306e-04,1.7241191599,1.6419246386,1.8142322200,0.5047439870,-0.3301323599,1.2443891533,-0.6558020842,-0.8436177863,0.4758956955
944,1.532812346787e-04,3.618528658355e-04,1.7241073538,1.6418597166,1.8141427561,0.5047633652,-0.3300748143,1.2443698793,-0.6557523664,-0.8434873930,0.4758315926
945,1.528895748103e-04,3.627187134703e-04,1.7241551568,1.6418711928,1.8141197884,0.5048082738,-0.3300771421,1.2442999835,-0.6558382690,-0.8433669403,0.4757407084
946,1.528054010404e-04,3.594729736219e-04,1.7240101810,1.6418420780,1.8141403507,0.5047995421,-0.3300257826,1.2442731544,-0.6558757655,-0.8432537277,0.4757480986
947,1.525322662842e-04,3.587181205245e-04,1.7239947997,1.6418271475,1.8140910144,0.5047807033,-0.3300576973,1.2442807837,-0.6558580052,-0.8432307473,0.4756785915
948,1.521815133725e-04,3.589739665879e-04,1.7240187225,1.6418155003,1.8140804718,0.5047766692,-0.3300672773,1.2442786509,-0.6558043489,-0.8431615585,0.4756411455
949,1.524508200392e-04,3.597495749587e-04,1.7240604492,1.6418411087,1.8139598730,0.5046879494,-0.3300649807,1.2442235595,-0.6557595813,-0.8430608468,0.4756418433
950,1.521595249100e-04,3.581267251190e-04,1.7240341294,1.6417846463,1.8140876210,0.5047527329,-0.3300678776,1.2442952583,-0.6558231548,-0.8431551920,0.4756451750
951,1.516636749521e-04,3.572590618164e-04,1.7240406864,1.6417455506,1.8141188318,0.5047521452,-0.3300330745,1.2442668780,-0.6557961347,-0.8431645730,0.4755772097
952,1.513137486233e-04,3.562769111862e-04,1.7240437937,1.6416776265,1.8141314613,0.5047953936,-0.3300471214,1.2442498633,-0.6557680004,-0.8431525042,0.4755333609
953,1.510287804946e-04,3.576538907050e-04,1.7240527514,1.6416661583,1.8141480804,0.5048167196,-0.3300065632,1.2442919550,-0.6557505574,-0.8431339033,0.4754627187
954,1.508752284352e-04,3.563828001866e-04,1.7240508664,1.6416665730,1.8142121365,0.5047952955,-0.3300431292,1.2442763701,-0.6557339551,-0.8431192135,0.4754047298
955,1.507153440829e-04,3.546888136802e-04,1.7240688397,1.6415950699,1.8142105832,0.5047606055,-0.3300233932,1.2442742315,-0.6557660219,-0.8431255431,0.4753611863
956,1.506100449636e-04,3.545621890574e-04,1.7240812834,1.6415661373,1.8142651533,0.5047738859,-0.3299688667,1.2442486369,-0.6557525780,-0.8430844910,0.4753801481
957,1.505185151139e-04,3.543831902880e-04,1.7240839697,1.6415051558,1.8142667189,0.5048302738,-0.3299996779,1.2442605341,-0.6557340214,-0.8430559570,0.4753511211
958,1.503553875439e-04,3.537131416881e-04,1.7240241340,1.6414999450,1.8142701432,0.5048572813,-0.3299647609,1.2442210815,-0.6557422208,-0.8430728211,0.4753008811
959,1.503713293343e-04,3.557127238518e-04,1.7240253026,1.6415164543,1.8142837786,0.5048648890,-0.3299192864,1.2442809461,-0.6557460911,-0.8430490356,0.4752438736
960,1.502580547507e-04,3.543497221419e-04,1.7240499260,1.6415160257,1.8142567550,0.5048682013,-0.3299659897,1.2441982765,-0.6557593571,-0.8430558910,0.4752876208
961,1.500493794013e-04,3.546355395438e-04,1.7240698542,1.6415072380,1.8142231150,0.5048483528,-0.3299463107,1.2441583728,-0.6556918231,-0.8430472439,0.4752504070
962,1.496066506928e-04,3.524732105612e-04,1.7240379180,1.6414920738,1.8142011355,0.5048183561,-0.3299510295,1.2441201581,-0.6557008226,-0.8429746452,0.4752273197
963,1.492222688737e-04,3.506055957239e-04,1.7240194328,1.6414723699,1.8141842246,0.5047952109,-0.3299515679,1.2440658297,-0.6557072113,-0.8429111424,0.4751895957
964,1.485379436439e-04,3.484371716984e-04,1.7240252117,1.6414319018,1.8141437696,0.5047578100,-0.3299330159,1.2439384937,-0.6556661346,-0.8428268492,0.4750898850
965,1.480940380841e-04,3.482534066231e-04,1.7239684225,1.6413156484,1.8138637699,0.5047864351,-0.3297662104,1.2438510086,-0.6556990094,-0.8426636630,0.4751190867
966,1.486566563504e-04,3.410306430420e-04,1.7238354699,1.6412828337,1.8139387800,0.5046974016,-0.3298718012,1.2437226211,-0.6558684645,-0.8424134596,0.4750255783
967,1.479703760463e-04,3.467976364445e-04,1.7240027951,1.6412575250,1.8138669864,0.5047516269,-0.3297527496,1.2438497728,-0.6557449252,-0.8427010327,0.4750960482
968,1.474956712013e-04,3.476660645625e-04,1.7240789639,1.6412258172,1.8138334583,0.5047436083,-0.3297078783,1.2437499625,-0.6556438548,-0.8427285538,0.4750008834
969,1.475295587366e-04,3.426716736564e-04,1.7239413103,1.6411435570,1.8138492743,0.5047053216,-0.3297095634,1.2437103504,-0.6555765969,-0.8428029200,0.4750315886
970,1.474983426073e-04,3.474944563649e-04,1.7240943374,1.6411987124,1.8138541742,0.5047518213,-0.3297069685,1.2437538337,-0.6556292248,-0.8427077589,0.4750201215
971,1.475457930479e-04,3.473416707892e-04,1.7240885228,1.6411967987,1.8137856317,0.5047367303,-0.3297737480,1.2437850031,-0.6556189644,-0.8427235129,0.4749780740
972,1.476884223630e-04,3.474156522261e-04,1.7240930211,1.6412321738,1.8138236099,0.5047326590,-0.3297271650,1.2437230493,-0.6556483433,-0.8427350567,0.4750306557
973,1.473373435076e-04,3.476056840679e-04,1.7240865529,1.6412395861,1.8138314736,0.5046669418,-0.3296683122,1.2437816626,-0.6556138590,-0.8427090677,0.4749962686
974,1.470686242526e-04,3.488565967326e-04,1.7240934247,1.6412182033,1.8138285532,0.5046780970,-0.3295995509,1.2438070127,-0.6555919403,-0.8427147325,0.4749372827
975,1.469661568405e-04,3.502023086693e-04,1.7241289156,1.6412007382,1.8138070230,0.5046615747,-0.3295263262,1.2438029921,-0.6555626164,-0.8427306066,0.4749025133
976,1.465878838218e-04,3.485558031354e-04,1.7241099308,1.6411855014,1.8138329074,0.5046376671,-0.3295212771,1.2437756827,-0.6555732730,-0.8426789868,0.4748345693
977,1.463584062996e-04,3.495713445143e-04,1.7240764707,1.6412193496,1.8138210148,0.5046619502,-0.3295018419,1.2437636200,-0.6555214943,-0.8426221293,0.4748107664
978,1.459821658946e-04,3.487651400961e-04,1.7240718395,1.6412135535,1.8138264163,0.5046327630,-0.3294731163,1.2437236424,-0.6555059863,-0.8425709664,0.4747492654
979,1.452836160172e-04,3.482638186918e-04,1.7240662293,1.6412042615,1.8138266963,0.5045876501,-0.3293918634,1.2436573617,-0.6554572614,-0.8424775116,0.4746237909
980,1.443814891345e-04,3.523503919952e-04,1.7240428624,1.6412254661,1.8137816905,0.5045837425,-0.3291713906,1.2435930318,-0.6552807243,-0.8423190090,0.4744048650
981,1.432118960560e-04,3.442228100325e-04,1.7240842692,1.6411240383,1.8138550291,0.5043752445,-0.3291449146,1.2434131310,-0.6553645320,-0.8421961494,0.4741951880
982,1.425448657341e-04,3.429970151012e-04,1.7241376412,1.6410404435,1.8138666989,0.5042351333,-0.3289598402,1.2432908088,-0.6553253189,-0.8420873891,0.4739347763
983,1.415942686741e-04,3.405402597739e-04,1.7241041427,1.6411864681,1.8138007810,0.5041493487,-0.3290352323,1.2430526935,-0.6552053602,-0.8418764448,0.4740024521
984,1.425584120600e-04,3.383537888070e-04,1.7238825589,1.6411551057,1.8137559430,0.5041263053,-0.3289939411,1.2431247011,-0.6553613243,-0.8416006142,0.4739936116
985,1.413881905136e-04,3.398021539687e-04,1.7241160994,1.6411492038,1.8137406264,0.5041421929,-0.3290880491,1.2430777115,-0.6551805362,-0.8418668740,0.4739764660
986,1.410213134739e-04,3.390731459483e-04,1.7241033399,1.6412031026,1.8138409035,0.5041257816,-0.3291856624,1.2431034488,-0.6551007806,-0.8418476993,0.4738780389
987,1.412797477960e-04,3.411193480976e-04,1.7240765083,1.6412967701,1.8137657269,0.5041729500,-0.3292125537,1.2430483935,-0.6551754885,-0.8419045391,0.4737777202
988,1.410292790780e-04,3.402374901162e-04,1.7241402265,1.6412143760,1.8138431236,0.5041408090,-0.3291868321,1.2431125399,-0.6551140536,-0.8418249246,0.4738764057
989,1.408792314055e-04,3.382880759680e-04,1.7240998257,1.6411533296,1.8138606905,0.5041884228,-0.3292045245,1.2430545295,-0.6550861206,-0.8418352709,0.4738692864
990,1.408326544396e-04,3.367733266791e-04,1.7241410000,1.6411256427,1.8138696742,0.5041454144,-0.3292505283,1.2430074524,-0.6550516123,-0.8418309906,0.4738611654
991,1.408404326169e-04,3.388616405897e-04,1.7241484141,1.6411379399,1.8138466950,0.5041727022,-0.3292267530,1.2430106724,-0.6549642118,-0.8418186976,0.4738486938
992,1.406328549527e-04,3.362886041866e-04,1.7241360693,1.6411112763,1.8138701973,0.5041308473,-0.3292261704,1.2430034965,-0.6550583603,-0.8418096413,0.4738303996
993,1.403275731791e-04,3.344980553729e-04,1.7240940769,1.6410843838,1.8138713574,0.5041183434,-0.3292429209,1.2430079695,-0.6550586844,-0.8417299393,0.4738038924
994,1.399897463850e-04,3.331932139637e-04,1.7240895076,1.6410214725,1.8138937299,0.5041137755,-0.3292380260,1.2430415982,-0.6550576009,-0.8417134561,0.4737400787
995,1.397107614009e-04,3.319680831542e-04,1.7240708065,1.6409947019,1.8139519296,0.5041004560,-0.3292070048,1.2430283792,-0.6550555014,-0.8416689387,0.4736926897
996,1.394869374297e-04,3.295838024308e-04,1.7240561917,1.6409354704,1.8139888957,0.5040821420,-0.3292411181,1.2430397172,-0.6550620119,-0.8416288828,0.4736522297
997,1.391602066032e-04,3.298268437495e-04,1.7240510216,1.6409079319,1.8139757328,0.5040882635,-0.3292214520,1.2430513573,-0.6549980481,-0.8415857161,0.4736019586
998,1.391063225879e-04,3.295638117992e-04,1.7240977597,1.6408682842,1.8139935134,0.5040590233,-0.3292084847,1.2430269896,-0.6549579275,-0.8415993065,0.4735517971
999,1.388034222180e-04,3.290034069779e-04,1.7240617575,1.6408718837,1.8140289674,0.5040586369,-0.3291790860,1.2430064531,-0.6549320625,-0.8415291156,0.4735283033
1000,1.384766052608e-04,3.277641804420e-04,1.7240279803,1.6408379370,1.8140361296,0.5040609753,-0.3291963785,1.2430214878,-0.6549001001,-0.8414587303,0.4734944034
1001,1.388585641363e-04,3.293449377770e-04,1.7239948050,1.6407739088,1.8141114994,0.5042215682,-0.3291898722,1.2430105810,-0.6548467976,-0.8414588387,0.4734763300
1002,1.384783715406e-04,3.274474192402e-04,1.7240352073,1.6408113785,1.8140370455,0.5040537911,-0.3291770799,1.2430289378,-0.6548963622,-0.8414499875,0.4735286323
1003,1.381308077918e-04,3.268628870280e-04,1.7240066401,1.6408129218,1.8139870255,0.5040452638,-0.3291606141,1.2430063691,-0.6549323490,-0.8414146745,0.4734523059
1004,1.381386617510e-04,3.250079572736e-04,1.7239300523,1.6407966126,1.8139795408,0.5039996153,-0.3291424850,1.2430118683,-0.6549080712,-0.8414387585,0.4734381584
1005,1.381963485831e-04,3.273925130327e-04,1.7240106937,1.6408145095,1.8140065262,0.5040431002,-0.3291445419,1.2430429462,-0.6549485755,-0.8414176410,0.4734372129
1006,1.377783345161e-04,3.268488747301e-04,1.7240120972,1.6408244227,1.8139462259,0.5040177845,-0.3291549263,1.2429971523,-0.6549126181,-0.8413344156,0.4734306232
1007,1.376064075842e-04,3.244439212419e-04,1.7240031880,1.6408009563,1.8139584193,0.5039772696,-0.3291833328,1.2429601734,-0.6549506633,-0.8412729387,0.4734172586
1008,1.373508915761e-04,3.246743774691e-04,1.7239988122,1.6408202414,1.8139402894,0.5039356658,-0.3291692699,1.2429874269,-0.6549224828,-0.8412021575,0.4733888908
1009,1.372100199912e-04,3.248355930014e-04,1.7240033506,1.6407936906,1.8139096447,0.5039286520,-0.3290954536,1.2429652037,-0.6549326276,-0.8411570420,0.4734032125
1010,1.369571185894e-04,3.240798329063e-04,1.7240409568,1.6407371177,1.8138591431,0.5039051054,-0.3291131361,1.2429727160,-0.6549142941,-0.8411488817,0.4733643717
1011,1.367619744038e-04,3.247015391631e-04,1.7240403146,1.6407583863,1.8138170474,0.5039089617,-0.3291036021,1.2429403846,-0.6549252952,-0.8411313880,0.4732856503
1012,1.365470398606e-04,3.227989278185e-04,1.7240398304,1.6407194484,1.8138142365,0.5038546614,-0.3291070858,1.2429355330,-0.6549492667,-0.8410823816,0.4732354983
1013,1.365683570849e-04,3.226417687224e-04,1.7240159287,1.6407086164,1.8137428146,0.5038606809,-0.3291330896,1.2429622699,-0.6549757576,-0.8410367935,0.4732337781
1014,1.367167467303e-04,3.230253553703e-04,1.7240539723,1.6407396117,1.8137985859,0.5038232323,-0.3291054509,1.2429343846,-0.6549658080,-0.8410981121,0.4732471456
1015,1.361453356792e-04,3.224337519148e-04,1.7240549446,1.6406908067,1.8138200843,0.5038640617,-0.3291079963,1.2429032244,-0.6548892677,-0.8410296547,0.4731980286
1016,1.357092752113e-04,3.254988958517e-04,1.7241535518,1.6406518903,1.8138579221,0.5039260964,-0.3290636733,1.2429572687,-0.6548612890,-0.8409436945,0.4730959265
1017,1.354988787571e-04,3.263757753371e-04,1.7241977363,1.6406261172,1.8138147525,0.5039329848,-0.3290764921,1.2428842941,-0.6547311309,-0.8408399089,0.4730482795
1018,1.349810844505e-04,3.252812902784e-04,1.7241224639,1.6406107444,1.8138688955,0.5039598394,-0.3289481616,1.2428219396,-0.6547660416,-0.8407457317,0.4730478341
1019,1.345758231446e-04,3.240077699816e-04,1.7241878550,1.6406028603,1.8139306427,0.5038411191,-0.3288615999,1.2427703264,-0.6547972958,-0.8407003515,0.4729802946
1020,1.338891656346e-04,3.207572028774e-04,1.7241420661,1.6405151529,1.8139319762,0.5038138742,-0.3288386289,1.2427825234,-0.6548596585,-0.8405703766,0.4728908089
1021,1.335913903223e-04,3.226115238422e-04,1.7241370102,1.6405441443,1.8138588252,0.5038288583,-0.3287591957,1.2427632174,-0.6549355007,-0.8404761885,0.4727801176
1022,1.334928021702e-04,3.224582086542e-04,1.7241868208,1.6404411931,1.8138002341,0.5037977813,-0.3286698938,1.2428078640,-0.6549529448,-0.8404038082,0.4728638426
1023,1.330924725412e-04,3.206122978041e-04,1.7241869771,1.6403980642,1.8138102587,0.5037695433,-0.3286880121,1.2427955291,-0.6549370786,-0.8403430419,0.4728107644
1024,1.324782183262e-04,3.176671328790e-04,1.7241337512,1.6403000201,1.8138267777,0.5037157534,-0.3286502278,1.2428085212,-0.6548708355,-0.8402941328,0.4726842282
1025,1.318403012798e-04,3.137446243230e-04,1.7241501444,1.6401678040,1.8138582504,0.5037160174,-0.3286720541,1.2427278909,-0.6548903078,-0.8402277387,0.4725867882
1026,1.311747994845e-04,3.105045161748e-04,1.7241401161,1.6400952285,1.8139090546,0.5036683540,-0.3286960830,1.2427137851,-0.6548751081,-0.8400865792,0.4724927351
1027,1.306725391959e-04,3.053654822195e-04,1.7240660009,1.6398714885,1.8140781943,0.5036617593,-0.3285861786,1.2426887846,-0.6549122301,-0.8398963296,0.4723329895
1028,1.290182537017e-04,3.030056466046e-04,1.7241768453,1.6397998751,1.8139061586,0.5035527642,-0.3286472125,1.2425832537,-0.6548015411,-0.8397479512,0.4721050010
1029,1.329896124810e-04,2.887552137528e-04,1.7237920027,1.6396612364,1.8136569111,0.5030832138,-0.3287987855,1.2421998180,-0.6548596582,-0.8396210871,0.4721295797
1030,1.286821713989e-04,3.043579638925e-04,1.7242106116,1.6398224220,1.8138961394,0.5036147659,-0.3285960906,1.2424863469,-0.6547643994,-0.8396458239,0.4722079233
1031,1.288774533981e-04,3.101034888227e-04,1.7245337571,1.6397493006,1.8138667324,0.5036745036,-0.3286520830,1.2425875802,-0.6548204363,-0.8394783853,0.4721727415
1032,1.287795657800e-04,3.047208668752e-04,1.7242526358,1.6398391140,1.8139227920,0.5035640322,-0.3285435910,1.2424569299,-0.6547850508,-0.8396698490,0.4722011543
1033,1.286703598864e-04,3.078615637599e-04,1.7242173553,1.6397936327,1.8138577654,0.5037194724,-0.3285026238,1.2424592215,-0.6546776874,-0.8396741906,0.4721136141
1034,1.285981303634e-04,3.089701479042e-04,1.7242081426,1.6398469120,1.8138870075,0.5037008411,-0.3284964058,1.2424900132,-0.6546280979,-0.8396293750,0.4720931235
1035,1.281704230495e-04,3.070707696089e-04,1.7241819425,1.6398297126,1.8138451283,0.5036656600,-0.3285073456,1.2424451117,-0.6546049001,-0.8395732720,0.4720788179
1036,1.283891822582e-04,3.045584795333e-04,1.7242081997,1.6397515177,1.8138866230,0.5036175016,-0.3285799780,1.2423837851,-0.6544667713,-0.8395853983,0.4721086854
1037,1.281269718197e-04,3.065547776638e-04,1.7241754864,1.6398263496,1.8138764875,0.5036790422,-0.3285189950,1.2424251403,-0.6546200203,-0.8395626787,0.4720585910
1038,1.280299894663e-04,3.069885848822e-04,1.7241727667,1.6398810933,1.8138279000,0.5036813954,-0.3285533804,1.2423755043,-0.6546245050,-0.8395447079,0.4720332869
1039,1.276872383610e-04,3.055070044868e-04,1.7241261083,1.6398594301,1.8138051335,0.5036666176,-0.3285282901,1.2423579746,-0.6546395644,-0.8394718290,0.4720213677
1040,1.275040972127e-04,3.055954837581e-04,1.7240808791,1.6398864756,1.8138095777,0.5036672570,-0.3285054196,1.2423588695,-0.6546314017,-0.8393911089,0.4720115457
1041,1.273281901037e-04,3.050350638840e-04,1.7240459976,1.6398497011,1.8137694430,0.5037003500,-0.3284705571,1.2423174632,-0.6546495827,-0.8393569703,0.4719942513
1042,1.273866998361e-04,3.066683134187e-04,1.7240292988,1.6399050510,1.8137349774,0.5037443212,-0.3284742572,1.2422724706,-0.6546429623,-0.8393287311,0.4719686212
1043,1.273551523656e-04,3.043192019444e-04,1.7240064115,1.6398566329,1.8137735115,0.5036892902,-0.3284675211,1.2423122747,-0.6546456034,-0.8393831612,0.4719914077
1044,1.270104050980e-04,3.037896696986e-04,1.7240355987,1.6398203238,1.8137457331,0.5036665406,-0.3284825664,1.2423458345,-0.6546644449,-0.8393267596,0.4719218575
1045,1.269306125074e-04,3.035239508293e-04,1.7240588228,1.6398237227,1.8137524467,0.5036069932,-0.3284275037,1.2423107094,-0.6546825723,-0.8393112884,0.4718898499
1046,1.269693922619e-04,3.015173594396e-04,1.7240320440,1.6397942710,1.8137319204,0.5035699079,-0.3284562678,1.2423150172,-0.6547383957,-0.8392597628,0.4718885245
1047,1.270199151632e-04,3.044469369911e-04,1.7240534572,1.6398403727,1.8137587319,0.5036209026,-0.3284046871,1.2423378989,-0.6547089684,-0.8393102250,0.4718880430
1048,1.265972586446e-04,3.030028958275e-04,1.7240389404,1.6397920181,1.8137757724,0.5036040235,-0.3284061002,1.2423270246,-0.6546186383,-0.8392616142,0.4718621512
1049,1.265942488732e-04,3.038731939270e-04,1.7240404734,1.6397927588,1.8137006518,0.5035765838,-0.3283781889,1.2423585977,-0.6545803063,-0.8392584615,0.4718807488
1050,1.262671206719e-04,3.031350594209e-04,1.7240480508,1.6397308499,1.8136995619,0.5035851676,-0.3283709965,1.2423572813,-0.6545448680,-0.8392572409,0.4718120160
1051,1.260664727377e-04,3.028931024767e-04,1.7240644943,1.6397288461,1.8137218223,0.5035536174,-0.3283979942,1.2423809136,-0.6544934680,-0.8392403088,0.4717486233
1052,1.258418925492e-04,3.021120161253e-04,1.7240758353,1.6396814649,1.8137443598,0.5035320075,-0.3283549610,1.2423477762,-0.6544517939,-0.8392133467,0.4717134404
1053,1.256764455262e-04,3.019276585247e-04,1.7240377755,1.6396451126,1.8137621492,0.5035595210,-0.3283361212,1.2423961119,-0.6544387962,-0.8391623915,0.4716869858
1054,1.255494629896e-04,3.019805162147e-04,1.7240483230,1.6395920510,1.8137259208,0.5035483543,-0.3283134901,1.2424184654,-0.6544038775,-0.8391561903,0.4716289651
1055,1.254084009331e-04,3.018933024022e-04,1.7240551668,1.6396107029,1.8137616729,0.5034998221,-0.3283163781,1.2424428841,-0.6543553518,-0.8391098803,0.4715995081
1056,1.254337475075e-04,3.002041972090e-04,1.7239751672,1.6396122432,1.8137726835,0.5034704769,-0.3283100352,1.2424317007,-0.6543387130,-0.8391507806,0.4715771404
1057,1.255320379198e-04,3.013814663660e-04,1.7240630870,1.6395850350,1.8137802191,0.5034854178,-0.3283196043,1.2424634181,-0.6543546138,-0.8391284305,0.4716207279
1058,1.252906630414e-04,3.019540999535e-04,1.7240488046,1.6395994350,1.8137649412,0.5035427635,-0.3283504589,1.2424073998,-0.6542928119,-0.8390758590,0.4715774039
1059,1.256249573817e-04,3.046068072462e-04,1.7240709984,1.6396276734,1.8138047665,0.5035842542,-0.3283097266,1.2424111660,-0.6542832718,-0.8390884381,0.4715184129
1060,1.253861297862e-04,3.029649718902e-04,1.7240463410,1.6396119511,1.8137517412,0.5035493185,-0.3283241947,1.2424152994,-0.6542653483,-0.8390791654,0.4716019532
1061,1.247958296013e-04,2.997530940564e-04,1.7240256133,1.6395758177,1.8137359698,0.5035085266,-0.3283559133,1.2423759386,-0.6543108230,-0.8390016610,0.4715708024
1062,1.242499251228e-04,2.971570927897e-04,1.7239709013,1.6395726522,1.8136364381,0.5034615636,-0.3284433857,1.2423942399,-0.6543365090,-0.8388788446,0.4715368245
1063,1.239126252636e-04,2.915574488378e-04,1.7239054463,1.6394418911,1.8136325040,0.5034249705,-0.3284730794,1.2423000897,-0.6543303478,-0.8387936542,0.4715517011
1064,1.238963768387e-04,2.932112928237e-04,1.7239074156,1.6394836342,1.8135907070,0.5033679679,-0.3283287578,1.2422705632,-0.6543586675,-0.8386907129,0.4715642667
1065,1.239459956556e-04,2.924260037741e-04,1.7238658827,1.6394743759,1.8135343714,0.5033542500,-0.3283713826,1.2422960998,-0.6543517034,-0.8386432247,0.4715568641
1066,1.238117305696e-04,2.933017750705e-04,1.7238912602,1.6394764231,1.8136122885,0.5033946200,-0.3283191439,1.2422898987,-0.6543719455,-0.8386743250,0.4715542791
1067,1.235734719753e-04,2.928524409203e-04,1.7239130446,1.6394803945,1.8136368528,0.5033957468,-0.3283408137,1.2422531017,-0.6543990214,-0.8386428277,0.4714810930
1068,1.233955032849e-04,2.940143306750e-04,1.7239189513,1.6394920069,1.8136474476,0.5034481233,-0.3283382746,1.2422195956,-0.6543324976,-0.8386067110,0.4714703323
1069,1.233013152842e-04,2.938540246584e-04,1.7239708854,1.6394690647,1.8136941357,0.5034265347,-0.3283542990,1.2422482816,-0.6543140150,-0.8385556218,0.4714802960
1070,1.230838461975e-04,2.915568699714e-04,1.7239481746,1.6394018561,1.8137289523,0.5034320051,-0.3283482030,1.2421949206,-0.6543120905,-0.8385300159,0.4714668354
1071,1.228299052138e-04,2.905264872383e-04,1.7239229245,1.6393762257,1.8137310800,0.5034508592,-0.3283778589,1.2421813710,-0.6543050876,-0.8384586031,0.4714206444
1072,1.227426049827e-04,2.895199025160e-04,1.7239377504,1.6393594188,1.8137151494,0.5034217151,-0.3283988156,1.2421171055,-0.6542780906,-0.8384109189,0.4713919617
1073,1.231077805048e-04,2.891619110497e-04,1.7239085183,1.6394015659,1.8137588361,0.5034251149,-0.3284332455,1.2420836393,-0.6543036497,-0.8383823731,0.4714328943
1074,1.228760785342e-04,2.900645589469e-04,1.7239603896,1.6393483576,1.8136959887,0.5034465443,-0.3284041067,1.2421093489,-0.6542996207,-0.8384036593,0.4714086076
1075,1.222856149646e-04,2.893203406498e-04,1.7239343801,1.6393255967,1.8137361855,0.5034301068,-0.3283685313,1.2421358929,-0.6542450715,-0.8384064041,0.4713148188
1076,1.217078246289e-04,2.882188452071e-04,1.7238663182,1.6392359276,1.8137109808,0.5034142379,-0.3282841288,1.2421964754,-0.6541429989,-0.8383456754,0.4712755875
1077,1.214402652421e-04,2.894029238086e-04,1.7238732566,1.6391639205,1.8137671195,0.5034837140,-0.3282271134,1.2422369508,-0.6541149938,-0.8383291991,0.4711312144
1078,1.213761012228e-04,2.890073842452e-04,1.7239295859,1.6391398154,1.8137618813,0.5033782811,-0.3281625109,1.2421577529,-0.6540124458,-0.8383622204,0.4710759864
1079,1.212747753809e-04,2.889320016400e-04,1.7239079668,1.6390897939,1.8137403909,0.5033916980,-0.3281131239,1.2421741320,-0.6539794390,-0.8383201562,0.4711046640
1080,1.210375678685e-04,2.893928434443e-04,1.7239027655,1.6391081379,1.8136874633,0.5033778236,-0.3281396337,1.2422093541,-0.6539492632,-0.8382771216,0.4710606561
1081,1.207567367125e-04,2.879327120899e-04,1.7238374617,1.6391223367,1.8137237758,0.5033521631,-0.3281476934,1.2422177912,-0.6539143210,-0.8382371120,0.4710361844
1082,1.203747742308e-04,2.860495661340e-04,1.7238053966,1.6390939134,1.8137200433,0.5033453116,-0.3281811254,1.2421921523,-0.6538971049,-0.8381714313,0.4709947395
1083,1.199518669970e-04,2.841722654168e-04,1.7238117369,1.6390562259,1.8137693020,0.5033094836,-0.3282454386,1.2422059064,-0.6538422953,-0.8380133554,0.4709446203
1084,1.202018091668e-04,2.870830664663e-04,1.7237743610,1.6391235088,1.8137525774,0.5034141169,-0.3282549304,1.2421186068,-0.6537443267,-0.8379477573,0.4709094645
1085,1.198179217462e-04,2.844456284401e-04,1.7238153997,1.6390751049,1.8137672246,0.5033020669,-0.3282176791,1.2421975545,-0.6538685195,-0.8379913211,0.4709370524
1086,1.193758928230e-04,2.821769289874e-04,1.7237680912,1.6390499905,1.8137472141,0.5032581929,-0.3282078991,1.2421975347,-0.6539046836,-0.8379559754,0.4708906519
1087,1.190957068886e-04,2.809974423145e-04,1.7237418263,1.6390427306,1.8137484299,0.5032058056,-0.3281885768,1.2422255652,-0.6539284795,-0.8379005058,0.4708493073
1088,1.190503050637e-04,2.794080175057e-04,1.7237103223,1.6389847823,1.8137735158,0.5032070812,-0.3281456837,1.2421984603,-0.6539364300,-0.8378714734,0.4708885245
1089,1.188475701741e-04,2.786833846989e-04,1.7237571300,1.6389417651,1.8137391927,0.5032060118,-0.3281712971,1.2421739060,-0.6539722815,-0.8378299687,0.4708658877
1090,1.188048115920e-04,2.770848000123e-04,1.7237618427,1.6389403545,1.8137831853,0.5031582486,-0.3281796558,1.2421140855,-0.6539858086,-0.8378452808,0.4708247377
1091,1.186155071877e-04,2.768456093225e-04,1.7237814820,1.6389331466,1.8137943516,0.5031153524,-0.3281650725,1.2421470395,-0.6540031392,-0.8377731114,0.4707966281
1092,1.184999479224e-04,2.747457562295e-04,1.7237320529,1.6388849248,1.8137609174,0.5030841674,-0.3281926723,1.2421643872,-0.6540136000,-0.8377578615,0.4707549580
1093,1.182805363310e-04,2.752208189492e-04,1.7237067477,1.6389141890,1.8137309037,0.5031058905,-0.3281722167,1.2421236701,-0.6540209716,-0.8376989805,0.4707158055
1094,1.179986545069e-04,2.744453643860e-04,1.7237072753,1.6389003517,1.8137477752,0.5031194250,-0.3282177749,1.2421047831,-0.6539771598,-0.8376305082,0.4706984786
1095,1.176780641798e-04,2.743306105949e-04,1.7237287131,1.6388772879,1.8137149887,0.5031000163,-0.3282022803,1.2420782558,-0.6539201828,-0.8375818731,0.4706668354
1096,1.173178878864e-04,2.746030969232e-04,1.7237457584,1.6388413686,1.8137211321,0.5031307789,-0.3281873263,1.2420724334,-0.6538922597,-0.8375385541,0.4705995939
1097,1.167287699774e-04,2.746786830649e-04,1.7237776040,1.6387803246,1.8137070517,0.5031569936,-0.3281763228,1.2420365542,-0.6538252652,-0.8374128655,0.4704869896
1098,1.160352362619e-04,2.741023311403e-04,1.7238297717,1.6386924186,1.8136330152,0.5031375964,-0.3281920709,1.2419279182,-0.6536859506,-0.8371177115,0.4703284992
1099,1.158022285434e-04,2.756925748799e-04,1.7238189482,1.6386077052,1.8137980547,0.5033708106,-0.3282165816,1.2419866730,-0.6537928178,-0.8370267518,0.4701109389
1100,1.158137614247e-04,2.722835781509e-04,1.7237935547,1.6384700007,1.8137939414,0.5033089584,-0.3282823764,1.2420630643,-0.6537383978,-0.8370682903,0.4700697264
1101,1.156925790678e-04,2.747789416335e-04,1.7238019071,1.6385792708,1.8138063768,0.5033718289,-0.3281919724,1.2419735833,-0.6538011114,-0.8370186477,0.4701314176
1102,1.152621924951e-04,2.745017223991e-04,1.7237800948,1.6385687702,1.8137543458,0.5033629452,-0.3281341346,1.2419708338,-0.6538256336,-0.8370286269,0.4700806817
1103,1.147671464423e-04,2.733184384879e-04,1.7237495809,1.6385391043,1.8137100998,0.5033509594,-0.3280869362,1.2419485429,-0.6538496162,-0.8369927439,0.4700419500
1104,1.139775053141e-04,2.717174840643e-04,1.7236572985,1.6385051646,1.8136532417,0.5033234209,-0.3279693840,1.2419213793,-0.6538549619,-0.8369254912,0.4699569032
1105,1.131296799843e-04,2.706030379546e-04,1.7237138810,1.6383270491,1.8134614168,0.5033025521,-0.3277781299,1.2418162575,-0.6539724225,-0.8368240482,0.4698299207
1106,1.132869789288e-04,2.694418895326e-04,1.7235494693,1.6384555592,1.8132753500,0.5032818604,-0.3279145178,1.2417928369,-0.6541335424,-0.8367194119,0.4696707151
1107,1.130976712937e-04,2.691002681531e-04,1.7237203359,1.6383318845,1.8135070745,0.5032559932,-0.3277864681,1.2417579797,-0.6539862810,-0.8368495356,0.4697928382
1108,1.130889241454e-04,2.722872075070e-04,1.7237044589,1.6383727052,1.8135056043,0.5032489825,-0.3276505901,1.2417765311,-0.6539064500,-0.8368357090,0.4696803254
1109,1.128579698059e-04,2.704051491564e-04,1.7236531974,1.6383387958,1.8135329948,0.5032466029,-0.3276222706,1.2417426470,-0.6539112074,-0.8367824435,0.4697059484
1110,1.128447484053e-04,2.701253286785e-04,1.7236209698,1.6383201631,1.8135067983,0.5032944632,-0.3276304765,1.2416921836,-0.6538768792,-0.8368252003,0.4697018390
1111,1.128141550170e-04,2.716920068472e-04,1.7236576155,1.6383478502,1.8135274777,0.5033529796,-0.3276139322,1.2416502750,-0.6539009892,-0.8367874331,0.4697028453
1112,1.126472998111e-04,2.702030304713e-04,1.7236506288,1.6382685173,1.8135545044,0.5033708810,-0.3276166238,1.2416497890,-0.6539103979,-0.8367532376,0.4696662226
1113,1.128620546428e-04,2.699052294781e-04,1.7236169726,1.6382430911,1.8135729780,0.5033869839,-0.3275662508,1.2416554763,-0.6539747291,-0.8367828930,0.4696719205
1114,1.125808099661e-04,2.700990406562e-04,1.7236708214,1.6382525456,1.8135228407,0.5033554679,-0.3276008831,1.2416335856,-0.6539179635,-0.8367497186,0.4696703549
1115,1.122537859749e-04,2.686258705268e-04,1.7236762616,1.6382158330,1.8135200327,0.5033320313,-0.3276102623,1.2415923785,-0.6538736567,-0.8366843826,0.4696772506
1116,1.118658315282e-04,2.674981786380e-04,1.7237317589,1.6381378707,1.8135005850,0.5032992420,-0.3276243035,1.2415297122,-0.6537716535,-0.8365713753,0.4696315445
1117,1.114856691422e-04,2.631593792667e-04,1.7236683149,1.6380524146,1.8135172575,0.5032545287,-0.3275931444,1.2414392362,-0.6537740954,-0.8364692442,0.4697140147
1118,1.111452990410e-04,2.608075265265e-04,1.7236895767,1.6379335522,1.8135069005,0.5032195926,-0.3275593959,1.2413566996,-0.6537225248,-0.8363550623,0.4696929532
1119,1.117930139455e-04,2.644167981524e-04,1.7237481411,1.6380301457,1.8135007059,0.5032403176,-0.3275278544,1.2412430761,-0.6536795933,-0.8362669204,0.4697500035
1120,1.112909580798e-04,2.611864568121e-04,1.7237056142,1.6379215991,1.8135378949,0.5032269716,-0.3275495043,1.2413636197,-0.6537028038,-0.8363687356,0.4697120113
1121,1.109294936133e-04,2.592404137211e-04,1.7236371654,1.6379187636,1.8135390197,0.5032366855,-0.3276082863,1.2413679247,-0.6537218536,-0.8363120550,0.4696562901
1122,1.109259944781e-04,2.579214959839e-04,1.7235808563,1.6378960525,1.8134997875,0.5032303070,-0.3276291975,1.2413417083,-0.6536731908,-0.8363464493,0.4696486727
1123,1.108155099269e-04,2.573458889611e-04,1.7235591916,1.6378527927,1.8134930180,0.5032805515,-0.3276081148,1.2413157087,-0.6537301912,-0.8363527043,0.4696225908
1124,1.104661947210e-04,2.565395490980e-04,1.7235103956,1.6378488768,1.8134961981,0.5032423089,-0.3275517076,1.2413455305,-0.6537391226,-0.8363290419,0.4695849048
1125,1.104497306778e-04,2.545826142561e-04,1.7235058206,1.6378426981,1.8135329006,0.5031793510,-0.3275666449,1.2413070264,-0.6537723782,-0.8363484717,0.4695469446
1126,1.103556728007e-04,2.531643968132e-04,1.7234760441,1.6377980460,1.8135008834,0.5031462977,-0.3275709628,1.2413527636,-0.6538061982,-0.8363074692,0.4695387962
1127,1.103133509912e-04,2.523551150311e-04,1.7234161373,1.6377818398,1.8135676835,0.5031628074,-0.3275554628,1.2413755725,-0.6537940850,-0.8362869733,0.4695295008
1128,1.100505578993e-04,2.532974983998e-04,1.7234366091,1.6377766408,1.8135579015,0.5031756589,-0.3275466623,1.2414015391,-0.6537707275,-0.8362814999,0.4694402495
1129,1.100925403660e-04,2.532122981636e-04,1.7234009032,1.6377469350,1.8135215784,0.5031597501,-0.3275005309,1.2414022817,-0.6537349586,-0.8363212980,0.4694044973
1130,1.099148436296e-04,2.529201014110e-04,1.7234467014,1.6377587557,1.8135584035,0.5031711418,-0.3275365714,1.2413746313,-0.6537533819,-0.8362510705,0.4694424729
1131,1.096501591324e-04,2.534993079254e-04,1.7234295740,1.6378025264,1.8135395464,0.5031759374,-0.3275140401,1.2413490160,-0.6537643039,-0.8361857766,0.4693992780
1132,1.094264975545e-04,2.530933893377e-04,1.7234349971,1.6377609690,1.8135323886,0.5032267917,-0.3275228520,1.2413129947,-0.6537902058,-0.8361495191,0.4693518917
1133,1.092078647814e-04,2.517348158504e-04,1.7234441957,1.6377525316,1.8135547019,0.5031825680,-0.3275504931,1.2412816227,-0.6537846394,-0.8361082607,0.4692893688
1134,1.090214791227e-04,2.525560845810e-04,1.7234909780,1.6377404317,1.8135760697,0.5031762822,-0.3274916305,1.2412850141,-0.6538077971,-0.8360636395,0.4692552327
1135,1.088572679421e-04,2.513778734038e-04,1.7234489127,1.6377230356,1.8136180682,0.5031801391,-0.3274695423,1.2412514554,-0.6538150170,-0.8359984611,0.4692399128
1136,1.087317314082e-04,2.521444285838e-04,1.7234338276,1.6377686710,1.8136067840,0.5031915791,-0.3274657336,1.2412523738,-0.6538551052,-0.8359642335,0.4691718120
1137,1.083272133340e-04,2.526173500784e-04,1.7234560608,1.6377587815,1.8135917705,0.5032113524,-0.3274731904,1.2412617527,-0.6538095766,-0.8358895176,0.4691403062
1138,1.077527273801e-04,2.530544633677e-04,1.7235073421,1.6376919147,1.8135765500,0.5032780713,-0.3275034871,1.2412614070,-0.6537611692,-0.8357604706,0.4690491933
1139,1.072785012566e-04,2.537797093799e-04,1.7234879203,1.6376840480,1.8134922786,0.5032401632,-0.3274191906,1.2412329362,-0.6536478495,-0.8356934188,0.4689732431
1140,1.067087589211e-04,2.544942078665e-04,1.7234855061,1.6376713817,1.8134429359,0.5032741234,-0.3273937895,1.2412067606,-0.6536424622,-0.8355932022,0.4688156266
1141,1.057368412625e-04,2.529736268246e-04,1.7235568881,1.6377135074,1.8135008724,0.5031037441,-0.3274771858,1.2412163519,-0.6535200033,-0.8353644352,0.4686002971
1142,1.046075936224e-04,2.499956983847e-04,1.7235040991,1.6375880372,1.8135511576,0.5031051099,-0.3274139050,1.2411097465,-0.6534156835,-0.8350783509,0.4684246722
1143,1.052192271360e-04,2.655267666561e-04,1.7237862998,1.6376217490,1.8135895003,0.5031601107,-0.3269999054,1.2413052315,-0.6533499915,-0.8345452688,0.4681867038
1144,1.041244660545e-04,2.462187263993e-04,1.7234583698,1.6374924021,1.8134881451,0.5030296790,-0.3274278061,1.2411994755,-0.6535153368,-0.8350487034,0.4684177390
1145,1.035068621733e-04,2.402091257210e-04,1.7233321541,1.6373919963,1.8134033707,0.5030215727,-0.3276079135,1.2411178066,-0.6536103915,-0.8349793675,0.4681461059
1146,1.050068695419e-04,2.405809084007e-04,1.7233367203,1.6374357919,1.8131828798,0.5029558671,-0.3277108244,1.2409772055,-0.6536128373,-0.8347711198,0.4683232927
1147,1.034886378081e-04,2.406707594136e-04,1.7232692523,1.6374295791,1.8134063962,0.5030520141,-0.3276243309,1.2411664361,-0.6535899832,-0.8349555211,0.4681547989
1148,1.033529296212e-04,2.388021363982e-04,1.7232421673,1.6373071460,1.8134024782,0.5030143400,-0.3276365971,1.2412254238,-0.6534635870,-0.8349945198,0.4681133873
1149,1.034578156259e-04,2.377845751598e-04,1.7231875336,1.6373208158,1.8134249090,0.5029546677,-0.3275935811,1.2412092689,-0.6534714919,-0.8350050061,0.4680914653
1150,1.033652624954e-04,2.384344908924e-04,1.7232555874,1.6373161075,1.8134291585,0.5029899460,-0.3276637448,1.2412342719,-0.6534618391,-0.8349838314,0.4681136971
1151,1.034162560153e-04,2.375828913257e-04,1.7232199330,1.6372472291,1.8134583057,0.5030515215,-0.3276401406,1.2412238799,-0.6534966872,-0.8349828412,0.4681264054
1152,1.035307277624e-04,2.383813989738e-04,1.7232287418,1.6373089589,1.8133990066,0.5030113892,-0.3276603277,1.2412181319,-0.6534700557,-0.8350309427,0.4681310204
1153,1.033380445742e-04,2.403557008842e-04,1.7232724686,1.6373065516,1.8133928570,0.5030282353,-0.3276185412,1.2412878660,-0.6534868948,-0.8349918573,0.4680499804
1154,1.032830253472e-04,2.414360897299e-04,1.7232849496,1.6373293211,1.8134249599,0.5030704653,-0.3276171485,1.2412479105,-0.6534367847,-0.8349894789,0.4680010239
1155,1.029050332331e-04,2.411230916085e-04,1.7232931906,1.6373084873,1.8133872354,0.5030684186,-0.3276159259,1.2412357361,-0.6534091921,-0.8349059267,0.4679876566
1156,1.022765445547e-04,2.404364230150e-04,1.7233143048,1.6372701299,1.8133391673,0.5030544655,-0.3276328663,1.2412237367,-0.6533666897,-0.8347310326,0.4679351946
1157,1.015507647811e-04,2.407694852272e-04,1.7233724940,1.6372341227,1.8133346896,0.5030621902,-0.3276913956,1.2411772430,-0.6532560834,-0.8344110866,0.4677479746
1158,1.029144086218e-04,2.438058843574e-04,1.7233502881,1.6371561304,1.8130057092,0.5031466038,-0.3277389510,1.2410813942,-0.6531119948,-0.8343467806,0.4677895083
1159,1.013710436075e-04,2.395649801405e-04,1.7233535296,1.6372217233,1.8133041103,0.5030518542,-0.3277381269,1.2411947166,-0.6533119504,-0.8344258409,0.4676968207
1160,1.010061226638e-04,2.407098217546e-04,1.7234090920,1.6371973446,1.8132961627,0.5030116715,-0.3276700410,1.2413381928,-0.6533767678,-0.8343574368,0.4676736009
1161,1.009023101801e-04,2.415147664329e-04,1.7234456364,1.6372218699,1.8134020246,0.5030132224,-0.3276979989,1.2413799008,-0.6534044014,-0.8343153216,0.4675259684
1162,1.006194423816e-04,2.389244267734e-04,1.7234252285,1.6372061201,1.8134262825,0.5029580043,-0.3277322111,1.2413680687,-0.6534296144,-0.8342612308,0.4675547087
1163,1.003728025485e-04,2.375342337467e-04,1.7234211842,1.6371768841,1.8133943538,0.5029228161,-0.3277644868,1.2413833514,-0.6534504864,-0.8341902654,0.4675435629
1164,1.001918817243e-04,2.373180212383e-04,1.7234397851,1.6371683231,1.8134184014,0.5028994245,-0.3277448765,1.2413848751,-0.6534229441,-0.8341076507,0.4675655769
1165,9.994577071742e-05,2.361815281242e-04,1.7233857700,1.6371707975,1.8134093039,0.5028527266,-0.3276892522,1.2413663125,-0.6534256266,-0.8340983124,0.4675298032
1166,9.967082384432e-05,2.355896477679e-04,1.7233681776,1.6371586509,1.8133924439,0.5028145059,-0.3276614459,1.2413759528,-0.6534267893,-0.8340340156,0.4674769227
1167,9.950886968507e-05,2.333127758782e-04,1.7233019781,1.6370219761,1.8134420378,0.5029031490,-0.3276195383,1.2413606299,-0.6534847186,-0.8339983674,0.4674786028
1168,9.925441920816e-05,2.327310551068e-04,1.7232879780,1.6369978759,1.8134291086,0.5028769758,-0.3275965302,1.2413735139,-0.6534898733,-0.8339272098,0.4674277537
1169,9.941776835298e-05,2.298763286641e-04,1.7232447959,1.6368876976,1.8134658081,0.5027730902,-0.3276168587,1.2414450372,-0.6534041908,-0.8339564779,0.4674163508
1170,9.928096483192e-05,2.330126940839e-04,1.7232561268,1.6370175851,1.8134310638,0.5028922153,-0.3276042584,1.2413977356,-0.6534808549,-0.8339175544,0.4674340784
1171,9.935231354635e-05,2.318425251617e-04,1.7232683682,1.6370036887,1.8134326447,0.5028311218,-0.3275703044,1.2413587498,-0.6535528822,-0.8338766120,0.4674332810
1172,9.932823132197e-05,2.336372542300e-04,1.7233040407,1.6370047684,1.8134461944,0.5028799596,-0.3275685168,1.2414034831,-0.6534990485,-0.8339368300,0.4674219211
1173,9.901575458299e-05,2.327109550021e-04,1.7232812331,1.6370093422,1.8134656616,0.5028944526,-0.3275872804,1.2413232315,-0.6534504685,-0.8339039018,0.4673688335
1174,9.878186747342e-05,2.334286397697e-04,1.7232779578,1.6369955340,1.8134119042,0.5029173136,-0.3275357798,1.2412966517,-0.6534026218,-0.8338785460,0.4673590809
1175,9.870399498557e-05,2.335274618540e-04,1.7232569058,1.6369855331,1.8133651951,0.5029368346,-0.3275416102,1.2412846740,-0.6534143277,-0.8338955176,0.4672797621
1176,9.848710120741e-05,2.340961961079e-04,1.7232966553,1.6369637768,1.8133537571,0.5029729160,-0.3275642375,1.2412756787,-0.6533848217,-0.8338288753,0.4672550792
1177,9.829826334290e-05,2.349630541174e-04,1.7232835358,1.6369722560,1.8133684671,0.5030089140,-0.3275309212,1.2412566956,-0.6533364613,-0.8337766974,0.4672137011
1178,9.832763449874e-05,2.347610729037e-04,1.7232854051,1.6369279015,1.8133649981,0.5030657403,-0.3275298901,1.2411915495,-0.6533148247,-0.8337696679,0.4672187300
1179,9.836332678248e-05,2.359902351041e-04,1.7232980551,1.6370105779,1.8133593182,0.5030272883,-0.3275300342,1.2412432960,-0.6533501801,-0.8337777841,0.4672191407
1180,9.819178584591e-05,2.349624698041e-04,1.7233022163,1.6369785171,1.8133424839,0.5029615523,-0.3275436303,1.2412439240,-0.6532654666,-0.8337572663,0.4671828609
1181,9.838630200376e-05,2.369417879252e-04,1.7233645363,1.6369540266,1.8133492091,0.5029724279,-0.3274924285,1.2412783738,-0.6532498596,-0.8337697510,0.4671490221
1182,9.834700803296e-05,2.357005463062e-04,1.7232946533,1.6369849328,1.8133381486,0.5029856366,-0.3275589674,1.2412674261,-0.6532400441,-0.8337750296,0.4671901669
1183,9.786626809760e-05,2.338065877444e-04,1.7232684811,1.6369646496,1.8133066641,0.5029386175,-0.3275331745,1.2412436079,-0.6532832468,-0.8336771306,0.4671792165
1184,9.762790571172e-05,2.321697057523e-04,1.7232488275,1.6369600698,1.8133411788,0.5029119460,-0.3275665710,1.2412248063,-0.6533033594,-0.8336138056,0.4671367110
1185,9.756725777088e-05,2.315705787891e-04,1.7232621656,1.6369694491,1.8132959605,0.5028806478,-0.3275849378,1.2411671450,-0.6533131899,-0.8335596537,0.4671323961
1186,9.741568018007e-05,2.313057131257e-04,1.7232219368,1.6369484297,1.8132784047,0.5028957388,-0.3275775984,1.2412104117,-0.6533264370,-0.8334875208,0.4671224279
1187,9.728456968350e-05,2.309973276423e-04,1.7231642443,1.6369767554,1.8132974549,0.5028798114,-0.3275195833,1.2411803099,-0.6533059735,-0.8334719768,0.4671045283
1188,9.729140365666e-05,2.305990414457e-04,1.7231151332,1.6370025270,1.8132966979,0.5028820538,-0.3275768911,1.2411853142,-0.6532495031,-0.8334542355,0.4670942602
1189,9.723437891723e-05,2.310732213618e-04,1.7231566079,1.6369744353,1.8132757998,0.5028864750,-0.3275213450,1.2411796097,-0.6533152213,-0.8334900410,0.4670657014
1190,9.691633890951e-05,2.308609384838e-04,1.7231716013,1.6369539519,1.8132915309,0.5028547635,-0.3274940998,1.2411937666,-0.6532935284,-0.8334482455,0.4669953994
1191,9.678938588420e-05,2.291489081256e-04,1.7231461859,1.6369115598,1.8133005241,0.5027905830,-0.3274792483,1.2412051460,-0.6532986401,-0.8334253265,0.4669458465
1192,9.673410642397e-05,2.306154567490e-04,1.7231647911,1.6369652111,1.8133159034,0.5027827253,-0.3274607996,1.2412315409,-0.6533161065,-0.8333831832,0.4668878902
1193,9.644184957569e-05,2.311327488348e-04,1.7231857861,1.6369462416,1.8132609185,0.5027820641,-0.3274240388,1.2412094409,-0.6532693052,-0.8333431489,0.4668645936
1194,9.611471199344e-05,2.307781119684e-04,1.7231902117,1.6369014622,1.8132823531,0.5028255908,-0.3274070204,1.2411727576,-0.6532480544,-0.8333057520,0.4668183791
1195,9.579318253683e-05,2.302359803328e-04,1.7231867373,1.6368558197,1.8132684885,0.5028351769,-0.3273763771,1.2411387095,-0.6532245142,-0.8332565252,0.4667679322
1196,9.575528116668e-05,2.324889606052e-04,1.7231899407,1.6367837440,1.8132783804,0.5028959350,-0.3272763885,1.2411995005,-0.6531150514,-0.8332483943,0.4666953791
1197,9.536706373031e-05,2.310889844604e-04,1.7231828435,1.6367531109,1.8132499027,0.5028792642,-0.3272678586,1.2411429153,-0.6531206008,-0.8331913401,0.4666584775
1198,9.472817929124e-05,2.291109049087e-04,1.7231765710,1.6367182296,1.8132563244,0.5028774136,-0.3272606878,1.2410417012,-0.6531579164,-0.8330673359,0.4665506161
1199,9.364154721014e-05,2.248844130535e-04,1.7231393454,1.6365852980,1.8130926874,0.5027783753,-0.3271817136,1.2408642883,-0.6531372777,-0.8328540376,0.4664066598
1200,9.247549763386e-05,2.229290231078e-04,1.7231240273,1.6365001601,1.8131020756,0.5027821572,-0.3270960259,1.2407379462,-0.6531527171,-0.8326085867,0.4661446957
1201,9.026686806185e-05,2.211250022753e-04,1.7230819804,1.6362007516,1.8129771185,0.5027885950,-0.3267836594,1.2405919841,-0.6529657283,-0.8322060201,0.4656788325
1202,9.355676174866e-05,2.256012969382e-04,1.7237102782,1.6361485704,1.8132194927,0.5023891601,-0.3267174452,1.2395777834,-0.6523428968,-0.8323185291,0.4649642272
1203,9.088014429137e-05,2.229308709428e-04,1.7234090716,1.6358337122,1.8127751390,0.5029123793,-0.3271612516,1.2408601214,-0.6530576522,-0.8318763832,0.4655759192
1204,9.057332443030e-05,2.224124833716e-04,1.7231820505,1.6361499577,1.8129845127,0.5027823102,-0.3266688298,1.2405821887,-0.6530758956,-0.8322365129,0.4657098702
1205,8.984855640259e-05,2.193802708167e-04,1.7230659334,1.6361950643,1.8131338635,0.5027293988,-0.3267154613,1.2405880796,-0.6528633997,-0.8319344523,0.4658855945
1206,9.001036136869e-05,2.215358298367e-04,1.7229841667,1.6362343118,1.8130690975,0.5028536808,-0.3266702446,1.2405366329,-0.6528704866,-0.8318485497,0.4658891133
1207,8.978436398283e-05,2.182648926614e-04,1.7230481133,1.6361602900,1.8131504824,0.5027413691,-0.3267249502,1.2405716158,-0.6528662981,-0.8319457291,0.4658931479
1208,8.960821063420e-05,2.162823138773e-04,1.7229823186,1.6361361478,1.8131648592,0.5026915909,-0.3267148477,1.2405985860,-0.6528851643,-0.8319253299,0.4658648261
1209,8.960836416788e-05,2.174034901211e-04,1.7229825839,1.6361402001,1.8132282454,0.5027359089,-0.3266967993,1.2406447320,-0.6528691352,-0.8319292401,0.4658291302
1210,8.963779657745e-05,2.165772536993e-04,1.7229754477,1.6361212082,1.8131443333,0.5026949643,-0.3266985335,1.2406226600,-0.6528628645,-0.8319384186,0.4658816366
1211,8.933981870890e-05,2.145810298000e-04,1.7229630601,1.6361046104,1.8131905821,0.5026497438,-0.3267114317,1.2405579525,-0.6528317108,-0.8319101773,0.4658264591
1212,8.919732213469e-05,2.122937131050e-04,1.7229174329,1.6360817257,1.8132353885,0.5026000314,-0.3267320013,1.2405310281,-0.6527936614,-0.8318993878,0.4658122007
1213,8.910288541419e-05,2.114338637562e-04,1.7229301254,1.6360324055,1.8132592846,0.5025677458,-0.3266689810,1.2404994154,-0.6528094404,-0.8318870514,0.4657916837
1214,8.916157114952e-05,2.091499552151e-04,1.7228801558,1.6360051575,1.8133163551,0.5025139081,-0.3266801021,1.2404806235,-0.6528026523,-0.8318786543,0.4657950961
1215,8.920269630497e-05,2.121106532954e-04,1.7229319051,1.6360696336,1.8132631993,0.5025459091,-0.3266475464,1.2405012540,-0.6528017480,-0.8318967195,0.4657934911
1216,8.884465704428e-05,2.113038009577e-04,1.7229681395,1.6360120928,1.8132412378,0.5025378148,-0.3266905079,1.2405292383,-0.6527879915,-0.8318280609,0.4657513348
1217,8.871842905706e-05,2.116828554228e-04,1.7229771530,1.6359720485,1.8132397106,0.5025587920,-0.3266747098,1.2405396023,-0.6527026940,-0.8318387260,0.4657400904
1218,8.848332803973e-05,2.099165398423e-04,1.7229751615,1.6359077863,1.8132548360,0.5025326879,-0.3267088413,1.2405489927,-0.6526769398,-0.8317908126,0.4657128124
1219,8.831139901722e-05,2.092981339452e-04,1.7229852009,1.6358973073,1.8132710583,0.5024705388,-0.3267093583,1.2405681476,-0.6526256792,-0.8317505299,0.4656804673
1220,8.816206424489e-05,2.075777463839e-04,1.7229799550,1.6358220050,1.8133039942,0.5024396923,-0.3266875508,1.2405491936,-0.6526069524,-0.8317265567,0.4656579833
1221,8.786199635669e-05,2.075702112495e-04,1.7229439260,1.6358252978,1.8132724939,0.5024645758,-0.3266731111,1.2405254172,-0.6525881192,-0.8316615994,0.4656163702
1222,8.771804031077e-05,2.077559702938e-04,1.7229850164,1.6358230575,1.8132740917,0.5024802834,-0.3266912967,1.2404708968,-0.6525572843,-0.8316001883,0.4656107160
1223,8.758632380296e-05,2.072212929456e-04,1.7229730209,1.6357885690,1.8132088632,0.5024610856,-0.3266772725,1.2404772622,-0.6525397907,-0.8315483268,0.4656391855
1224,8.744205195504e-05,2.056532746648e-04,1.7229063964,1.6357810445,1.8132071101,0.5024522682,-0.3267097605,1.2404448440,-0.6524929932,-0.8315183679,0.4656240263
1225,8.726488598554e-05,2.059780727003e-04,1.7228872805,1.6357655772,1.8132253461,0.5024842067,-0.3266970855,1.2404776455,-0.6524732746,-0.8314423975,0.4655986137
1226,8.706094203542e-05,2.065224243446e-04,1.7228835984,1.6357937705,1.8132173689,0.5024474872,-0.3266433060,1.2404653205,-0.6524327646,-0.8314052664,0.4655571926
1227,8.677993085221e-05,2.055325154496e-04,1.7228728849,1.6357495539,1.8132254702,0.5024248820,-0.3266091893,1.2404407234,-0.6523997238,-0.8313495018,0.4655200021
1228,8.625588297262e-05,2.037914300728e-04,1.7228643751,1.6356790191,1.8132419867,0.5023575854,-0.3265680167,1.2404190704,-0.6523129564,-0.8312263825,0.4654472023
1229,8.649155056190e-05,2.053920070448e-04,1.7228324046,1.6355487614,1.8132969893,0.5024011149,-0.3263692829,1.2403514352,-0.6520234869,-0.8311316784,0.4654633155
1230,8.637555666713e-05,2.030136695971e-04,1.7228464206,1.6356976330,1.8132918611,0.5023245958,-0.3265525284,1.2404060333,-0.6523383717,-0.8311951571,0.4655082316
1231,8.567147036870e-05,2.020275514082e-04,1.7228404049,1.6356523535,1.8131871815,0.5023230284,-0.3265715727,1.2403761573,-0.6523769417,-0.8311271020,0.4653104118
1232,8.541533085643e-05,2.028988814670e-04,1.7228603190,1.6357282570,1.8131346715,0.5022411507,-0.3266151435,1.2404238749,-0.6523317097,-0.8310334051,0.4652135593
1233,8.519461422440e-05,2.019460234121e-04,1.7228465421,1.6356446667,1.8131768709,0.5023106108,-0.3266917812,1.2405178909,-0.6523591673,-0.8309345609,0.4651822398
1234,8.507498570992e-05,2.018341522465e-04,1.7228118505,1.6356581785,1.8131622084,0.5023262265,-0.3266703918,1.2404913152,-0.6523998712,-0.8308684864,0.4651511165
1235,8.490963620600e-05,1.996045435132e-04,1.7228161159,1.6356023305,1.8131660728,0.5022687423,-0.3266917060,1.2404620261,-0.6524214340,-0.8308415596,0.4651188475
1236,8.495007167864e-05,1.989804730078e-04,1.7227565454,1.6355860407,1.8131629057,0.5022364336,-0.3266593791,1.2405134566,-0.6524351029,-0.8308640559,0.4650914783
1237,8.487954858982e-05,1.991939151373e-04,1.7227951406,1.6356141941,1.8131934042,0.5022735308,-0.3267104709,1.2404465785,-0.6524105958,-0.8308520878,0.4651006734
1238,8.473627366840e-05,2.000910924658e-04,1.7228489113,1.6356209726,1.8132417146,0.5022768884,-0.3266764220,1.2404544516,-0.6524356116,-0.8308507629,0.4650471128
1239,8.452097689160e-05,1.998852823358e-04,1.7228731098,1.6356035928,1.8132277617,0.5022893582,-0.3267066600,1.2404362012,-0.6524572295,-0.8308352065,0.4649646177
1240,8.438767063929e-05,1.993272592336e-04,1.7228974343,1.6356041187,1.8132492879,0.5022739649,-0.3267434058,1.2404239503,-0.6524991150,-0.8307943481,0.4649031070
1241,8.409414237082e-05,1.991622375201e-04,1.7229088120,1.6355668653,1.8132596364,0.5022828128,-0.3267227504,1.2404020964,-0.6524507569,-0.8307512239,0.4648465834
1242,8.389846594797e-05,1.985668268822e-04,1.7229167267,1.6355071013,1.8132782967,0.5023128754,-0.3267043415,1.2403621735,-0.6524445862,-0.8307300645,0.4647946688
1243,8.367857507835e-05,1.983526833642e-04,1.7229332039,1.6354940015,1.8133066093,0.5022946791,-0.3266986996,1.2403510109,-0.6524097175,-0.8306642673,0.4647424896
1244,8.347712987161e-05,1.979465541987e-04,1.7229556285,1.6354698175,1.8133256868,0.5022930873,-0.3267112181,1.2403282345,-0.6524127958,-0.8306157896,0.4646682552
1245,8.360698373105e-05,1.975280230785e-04,1.7229965682,1.6354580150,1.8134851257,0.5022730145,-0.3266476349,1.2403150035,-0.6524925311,-0.8305766263,0.4646841168
1246,8.352521575516e-05,1.980269429936e-04,1.7229276649,1.6354779792,1.8133488781,0.5023125514,-0.3267232015,1.2403457213,-0.6524053439,-0.8306224952,0.4646546593
1247,8.339584860423e-05,1.983068045280e-04,1.7229534362,1.6355024858,1.8133194758,0.5022686080,-0.3266705758,1.2402780418,-0.6523876723,-0.8306406614,0.4646146895
1248,8.359551774351e-05,1.986860965071e-04,1.7230099124,1.6354626977,1.8133316011,0.5022478567,-0.3266862174,1.2402944401,-0.6523397595,-0.8306741218,0.4645878398
1249,8.348668881780e-05,1.989823838284e-04,1.7229730382,1.6355218244,1.8133279279,0.5022932560,-0.3266866657,1.2402557559,-0.6523752074,-0.8306380036,0.4646267242
1250,8.328673056845e-05,1.999821720016e-04,1.7229630207,1.6355104622,1.8132798392,0.5023022092,-0.3266134351,1.2403064585,-0.6523958884,-0.8305963093,0.4645824836
1251,8.294096533490e-05,1.981401842700e-04,1.7229129656,1.6354814868,1.8132510735,0.5022771946,-0.3266052741,1.2402683869,-0.6523987528,-0.8305380741,0.4645655681
1252,8.279345785506e-05,1.974264232465e-04,1.7228925767,1.6355124440,1.8132229364,0.5022221324,-0.3266234020,1.2402686306,-0.6524204291,-0.8304815861,0.4645370555
1253,8.272429860579e-05,1.962593008165e-04,1.7228625247,1.6354764527,1.8131853498,0.5022311634,-0.3266230026,1.2402269294,-0.6524771140,-0.8304767786,0.4645005622
1254,8.264830531629e-05,1.956039339505e-04,1.7227883275,1.6354798283,1.8131972697,0.5022187784,-0.3265818270,1.2402117451,-0.6524454367,-0.8304477939,0.4644801090
1255,8.238928660881e-05,1.955535158668e-04,1.7228055802,1.6354521947,1.8131671758,0.5022392333,-0.3265847809,1.2401943872,-0.6524184141,-0.8303670941,0.4644879829
1256,8.224672212320e-05,1.972042695152e-04,1.7228195560,1.6354700182,1.8131298690,0.5022749551,-0.3265500061,1.2402149880,-0.6524209769,-0.8303045026,0.4644524693
1257,8.238376291536e-05,1.973162232539e-04,1.7228144907,1.6354575896,1.8130678952,0.5022483217,-0.3265108696,1.2402129134,-0.6524235966,-0.8302753734,0.4645061204
1258,8.226494324276e-05,1.973636061411e-04,1.7228052967,1.6354810186,1.8130993496,0.5022811612,-0.3265740160,1.2402199227,-0.6524004215,-0.8303167968,0.4644468822
1259,8.216626485646e-05,1.965128223480e-04,1.7228223454,1.6354875396,1.8131467377,0.5022462499,-0.3265977955,1.2401973551,-0.6524279973,-0.8302353709,0.4644185069
1260,8.185509631220e-05,1.957702375842e-04,1.7228476684,1.6354261952,1.8131419279,0.5022185809,-0.3265887826,1.2402167927,-0.6523916853,-0.8302344852,0.4643634750
1261,8.169199485086e-05,1.962604253564e-04,1.7228880385,1.6354210020,1.8131404924,0.5022300980,-0.3265680331,1.2401520072,-0.6523477792,-0.8302331813,0.4643228372
1262,8.151262948625e-05,1.958876804291e-04,1.7228921058,1.6353550234,1.8131575473,0.5022693659,-0.3265754820,1.2401592597,-0.6523155622,-0.8301997780,0.4642836500
1263,8.131235017145e-05,1.955972929907e-04,1.7228589256,1.6353508063,1.8131745395,0.5022456008,-0.3265337751,1.2401670966,-0.6522893471,-0.8301935269,0.4642094840
1264,8.111431428831e-05,1.943114981124e-04,1.7228426114,1.6353256234,1.8131426490,0.5022033642,-0.3265717963,1.2401527759,-0.6522365211,-0.8301754009,0.4641703827
1265,8.100169114339e-05,1.936221698464e-04,1.7228518286,1.6352871436,1.8131104759,0.5021965332,-0.3265799974,1.2401354443,-0.6522772321,-0.8301850945,0.4640980392
1266,8.075739928848e-05,1.930090109689e-04,1.7228395852,1.6352890097,1.8131308319,0.5021903549,-0.3265978077,1.2401052800,-0.6522571414,-0.8301253035,0.4640333215
1267,8.062147650895e-05,1.932862362888e-04,1.7228670962,1.6352810158,1.8131418050,0.5021707292,-0.3266063767,1.2401133100,-0.6522146683,-0.8300895095,0.4639594935
1268,8.055216248398e-05,1.911491152999e-04,1.7228421063,1.6352358496,1.8131977005,0.5021383459,-0.3266195195,1.2400649440,-0.6522035226,-0.8300961122,0.4639375231
1269,8.023417738345e-05,1.903043614395e-04,1.7228283911,1.6352023878,1.8131664306,0.5021181018,-0.3265718905,1.2400391432,-0.6521988764,-0.8300302141,0.4639350318
1270,7.995329239313e-05,1.897349169061e-04,1.7227871850,1.6351814760,1.8131315788,0.5021290542,-0.3265446365,1.2400035719,-0.6521733148,-0.8299784806,0.4639005020
1271,7.941672546441e-05,1.887428691836e-04,1.7227889636,1.6350953436,1.8130747722,0.5020783673,-0.3264579797,1.2399789553,-0.6521080940,-0.8298770125,0.4638363382
1272,7.836245108661e-05,1.845042936943e-04,1.7226679364,1.6349290172,1.8130237494,0.5020333192,-0.3263587098,1.2398278134,-0.6519662445,-0.8297088493,0.4636575737
1273,7.662444888340e-05,1.881876448745e-04,1.7226612890,1.6349502111,1.8128119401,0.5020622452,-0.3262696633,1.2397798086,-0.6517170062,-0.8291680804,0.4631790110
1274,7.451190101926e-05,1.797061047901e-04,1.7227206564,1.6346150907,1.8129136052,0.5017431333,-0.3261332199,1.2396077269,-0.6514720556,-0.8287769958,0.4627906494
1275,7.102295559325e-05,1.625929206241e-04,1.7223395470,1.6340323604,1.8130080222,0.5014713886,-0.3259640089,1.2389840774,-0.6509236475,-0.8280670122,0.4619131403
1276,8.662955056932e-05,1.894483967927e-04,1.7230972080,1.6323891735,1.8115535513,0.5008138475,-0.3252757232,1.2389829084,-0.6512790084,-0.8280019689,0.4599602476
1277,7.459643196661e-05,1.759208346531e-04,1.7221159153,1.6339513566,1.8129179184,0.5014398994,-0.3252413629,1.2392021125,-0.6497747413,-0.8278240100,0.4626517370
1278,7.113846152984e-05,1.601766138278e-04,1.7222065074,1.6338335424,1.8130694924,0.5015591476,-0.3260638585,1.2392430367,-0.6509766521,-0.8279615479,0.4619312940
1279,7.404708679648e-05,1.593555913417e-04,1.7219873597,1.6342710992,1.8129559983,0.5009988121,-0.3259421739,1.2389453314,-0.6512386586,-0.8277321058,0.4620529995
1280,7.136484020420e-05,1.614475392442e-04,1.7223693603,1.6339943796,1.8129200112,0.5014375204,-0.3261072725,1.2389441864,-0.6508750175,-0.8280454219,0.4619750181
1281,7.137033900745e-05,1.644121905692e-04,1.7224743931,1.6339611245,1.8131022451,0.5016563512,-0.3259091517,1.2388194563,-0.6510392197,-0.8278728493,0.4620248866
1282,7.118817405810e-05,1.630633769504e-04,1.7223417972,1.6340781813,1.8130770061,0.5014722804,-0.3260063882,1.2389875985,-0.6508910228,-0.8280508613,0.4619116629
1283,7.173613271050e-05,1.648034134584e-04,1.7224166133,1.6339654722,1.8129988420,0.5014921426,-0.3259341935,1.2389979047,-0.6509176254,-0.8281167927,0.4617535244
1284,7.092670031500e-05,1.632614573196e-04,1.7223348459,1.6340575138,1.8129829915,0.5014960813,-0.3259659749,1.2389920045,-0.6509196049,-0.8280484566,0.4618996650
1285,7.104415012471e-05,1.627799476053e-04,1.7222684178,1.6340540359,1.8129831557,0.5015428253,-0.3259758550,1.2389497131,-0.6509197331,-0.8280872139,0.4618983004
1286,7.085572062027e-05,1.630627037073e-04,1.7223221048,1.6340434471,1.8129831285,0.5014896520,-0.3259473821,1.2389832737,-0.6508841067,-0.8280283234,0.4618963411
1287,7.102665412073e-05,1.646647305167e-04,1.7223335765,1.6340614411,1.8129652812,0.5015171609,-0.3259044399,1.2390233561,-0.6508474666,-0.8280499538,0.4619529834
1288,7.079781940134e-05,1.627355036136e-04,1.7223006426,1.6340559795,1.8129720917,0.5014610031,-0.3259519543,1.2390024838,-0.6508755750,-0.8280466693,0.4618844903
1289,7.030366718885e-05,1.616370417271e-04,1.7222606835,1.6340821001,1.8129536295,0.5014243356,-0.3259192339,1.2389942698,-0.6509142906,-0.8279885446,0.4618889805
1290,6.995497109746e-05,1.611402385789e-04,1.7222315964,1.6340996489,1.8129256334,0.5013906517,-0.3258783644,1.2389923669,-0.6509442350,-0.8279331391,0.4618531028
1291,6.982374501446e-05,1.615312299786e-04,1.7222034993,1.6341365070,1.8128986539,0.5013773413,-0.3258237794,1.2390160587,-0.6509489157,-0.8279047832,0.4619038983
1292,6.964642294888e-05,1.615065168979e-04,1.7221852540,1.6341453202,1.8128685328,0.5013492812,-0.3257841410,1.2390171874,-0.6509703532,-0.8278575562,0.4618436293
1293,6.966255164803e-05,1.599432129273e-04,1.7221389137,1.6340990655,1.8128973485,0.5013133139,-0.3257546006,1.2389759287,-0.6509409173,-0.8278520644,0.4618544706
1294,6.966073514075e-05,1.618843466964e-04,1.7222018294,1.6341737458,1.8128669022,0.5013385519,-0.3257754943,1.2389856039,-0.6509610181,-0.8278691521,0.4618412668
1295,6.960721789234e-05,1.613603265431e-04,1.7221592197,1.6341951673,1.8129231805,0.5013377386,-0.3258142787,1.2390268281,-0.6509675430,-0.8278060317,0.4618362824
1296,6.990135060053e-05,1.611273395261e-04,1.7221781082,1.6341919198,1.8129599968,0.5012914927,-0.3257934877,1.2390405677,-0.6510390810,-0.8278245020,0.4618439436
1297,6.960590570287e-05,1.620616269232e-04,1.7221564809,1.6342049031,1.8129416551,0.5013566397,-0.3257811060,1.2390439396,-0.6509562317,-0.8278175658,0.4618295784
1298,6.946020103787e-05,1.626169061093e-04,1.7221281405,1.6342336746,1.8128829876,0.5013566894,-0.3257587325,1.2390633940,-0.6509219783,-0.8277725204,0.4618586597
1299,6.962704352098e-05,1.625620767622e-04,1.7220597010,1.6342568343,1.8128631477,0.5013983395,-0.3257632159,1.2390329422,-0.6509583919,-0.8277907714,0.4618519625
1300,6.939568356690e-05,1.627923996196e-04,1.7221439845,1.6342258517,1.8128897255,0.5013806011,-0.3257464199,1.2390448074,-0.6509349980,-0.8277454736,0.4618717938
1301,6.910128655135e-05,1.632970868174e-04,1.7221701737,1.6342098823,1.8128714042,0.5014023375,-0.3257455002,1.2390437064,-0.6508837314,-0.8276845966,0.4618280374
1302,6.887625977520e-05,1.639782125098e-04,1.7222050187,1.6341993057,1.8128517714,0.5014029544,-0.3257224661,1.2390556361,-0.6508534032,-0.8276069572,0.4618021999
1303,6.896416262442e-05,1.649350104523e-04,1.7222321494,1.6341885532,1.8128498474,0.5014417605,-0.3257450243,1.2390571825,-0.6507811934,-0.8275688430,0.4618236590
1304,6.894042029104e-05,1.648676002357e-04,1.7222264785,1.6342223940,1.8128374221,0.5014223345,-0.3257375668,1.2390748800,-0.6508698656,-0.8276112901,0.4617961352
1305,6.868263879811e-05,1.636788930712e-04,1.7221598260,1.6341936659,1.8128256544,0.5014248666,-0.3256998823,1.2390214114,-0.6508625240,-0.8275687807,0.4617426888
1306,6.851020170628e-05,1.635282293254e-04,1.7221686675,1.6341813761,1.8128145569,0.5013824671,-0.3256447790,1.2390279728,-0.6508794622,-0.8275058864,0.4617197126
1307,6.837467632081e-05,1.642898952975e-04,1.7221551736,1.6341953802,1.8127737038,0.5014171711,-0.3256246506,1.2390189835,-0.6508962654,-0.8274460909,0.4616706754
1308,6.833237161968e-05,1.653185856699e-04,1.7221659125,1.6341936976,1.8128263698,0.5014506828,-0.3255702481,1.2390399505,-0.6508831938,-0.8274620200,0.4616241862
1309,6.831613612568e-05,1.655601227440e-04,1.7221323083,1.6342146203,1.8127899013,0.5014145172,-0.3255643784,1.2390822725,-0.6508344767,-0.8274761499,0.4615868167
1310,6.805615294286e-05,1.651869068779e-04,1.7221282649,1.6341792951,1.8127919796,0.5014188386,-0.3255404396,1.2390588904,-0.6507781359,-0.8274102232,0.4615783087
1311,6.769790078065e-05,1.632368596004e-04,1.7221164663,1.6341811486,1.8128850937,0.5013672887,-0.3256183047,1.2390332233,-0.6507558906,-0.8273006113,0.4614818809
1312,6.727734240058e-05,1.629328269951e-04,1.7221518073,1.6341435055,1.8129046707,0.5013113783,-0.3255582911,1.2390356862,-0.6507118999,-0.8271365621,0.4614448708
1313,6.691021449740e-05,1.631172432706e-04,1.7221290933,1.6341190599,1.8129011747,0.5013642168,-0.3255557792,1.2389888290,-0.6506344580,-0.8269885323,0.4613676024
1314,6.659951882326e-05,1.641498986490e-04,1.7221240922,1.6341716139,1.8128670097,0.5013214909,-0.3255412678,1.2390498304,-0.6506203620,-0.8268655316,0.4612452885
1315,6.673860047973e-05,1.639506396119e-04,1.7219990889,1.6342436362,1.8129381847,0.5013001298,-0.3254862196,1.2390513161,-0.6505989979,-0.8267762556,0.4612922529
1316,6.654352227259e-05,1.635985454369e-04,1.7221068037,1.6341417065,1.8128693303,0.5013308452,-0.3255509820,1.2390804384,-0.6506315984,-0.8268588717,0.4612487445
1317,6.624430131114e-05,1.620752191680e-04,1.7221010861,1.6340733859,1.8128629386,0.5013006370,-0.3255472840,1.2390747165,-0.6506224454,-0.8268300135,0.4611905788
1318,6.578962125259e-05,1.600844749176e-04,1.7221222580,1.6339446910,1.8128617455,0.5012539464,-0.3255654620,1.2390990420,-0.6505658048,-0.8267523189,0.4610874229
1319,6.617783946689e-05,1.616814224057e-04,1.7221888671,1.6338295296,1.8130137540,0.5013618165,-0.3254095119,1.2390831077,-0.6507361821,-0.8266886630,0.4608640316
1320,6.572768896446e-05,1.588336995612e-04,1.7221297527,1.6339527857,1.8128911939,0.5012322634,-0.3256355044,1.2390704083,-0.6506106998,-0.8267242050,0.4610904504
1321,6.548679552781e-05,1.567999304567e-04,1.7221021456,1.6338796363,1.8127463390,0.5011834388,-0.3256462085,1.2390303712,-0.6506463069,-0.8266378695,0.4610994496
1322,6.534855878565e-05,1.562265706424e-04,1.7221543512,1.6338136827,1.8127225186,0.5011461437,-0.3257388231,1.2390876179,-0.6505487270,-0.8265407374,0.4610869912
1323,6.517996524064e-05,1.542987433599e-04,1.7220401099,1.6338000903,1.8126810443,0.5011463634,-0.3258280854,1.2390643710,-0.6505129542,-0.8265866794,0.4609723375
1324,6.528565243613e-05,1.522710357047e-04,1.7220294897,1.6337733017,1.8126791556,0.5009711191,-0.3258225334,1.2391279840,-0.6505480620,-0.8266364544,0.4609464934
1325,6.525334633739e-05,1.543795865351e-04,1.7220669091,1.6337799664,1.8126692749,0.5011548906,-0.3258410476,1.2390583068,-0.6505187828,-0.8266170791,0.4609739780
1326,6.515523662198e-05,1.525534898549e-04,1.7219999899,1.6337482660,1.8127156811,0.5011319560,-0.3258238357,1.2390174154,-0.6504820352,-0.8265791279,0.4610049174
1327,6.512628263827e-05,1.530224168280e-04,1.7220335536,1.6337833076,1.8127062210,0.5010999759,-0.3258087919,1.2389545526,-0.6504466615,-0.8265701761,0.4609729196
1328,6.525230366056e-05,1.529046761537e-04,1.7219825567,1.6338129550,1.8126723629,0.5010964128,-0.3258394772,1.2389394407,-0.6504314301,-0.8265073818,0.4609769455
1329,6.512633517380e-05,1.526257011292e-04,1.7220411914,1.6337789759,1.8127288546,0.5010980899,-0.3258278282,1.2389414122,-0.6504770409,-0.8265540460,0.4609591746
1330,6.479319869229e-05,1.529877973471e-04,1.7220294830,1.6337401372,1.8127067835,0.5011193237,-0.3257537222,1.2389656859,-0.6504392677,-0.8265428644,0.4609113738
1331,6.459384910995e-05,1.523310827418e-04,1.7220390096,1.6336613648,1.8127021915,0.5011256243,-0.3257123743,1.2389506235,-0.6504267354,-0.8265339810,0.4608730218
1332,6.452792069284e-05,1.529117974544e-04,1.7220355493,1.6336540695,1.8127577614,0.5011466560,-0.3256873258,1.2389764608,-0.6503846138,-0.8265289644,0.4608154887
1333,6.450034571559e-05,1.521065886355e-04,1.7220514784,1.6335668566,1.8127521178,0.5011447171,-0.3256601836,1.2389489619,-0.6503701297,-0.8265322701,0.4607957157
1334,6.418655485935e-05,1.520303223908e-04,1.7220137822,1.6335691668,1.8127108755,0.5011573245,-0.3256326293,1.2389533461,-0.6503780562,-0.8264657136,0.4607577325
1335,6.409743420877e-05,1.528630736515e-04,1.7219953497,1.6335916326,1.8126561409,0.5011529833,-0.3255887570,1.2389496045,-0.6503146298,-0.8264553070,0.4607493167
1336,6.385907979073e-05,1.525752199398e-04,1.7219933188,1.6336096455,1.8126500142,0.5011409758,-0.3255866199,1.2389031348,-0.6503205792,-0.8263900113,0.4606943006
1337,6.365418134141e-05,1.512161911263e-04,1.7219211962,1.6335950924,1.8126647155,0.5011431212,-0.3255861467,1.2388818217,-0.6503084775,-0.8263288359,0.4606990381
1338,6.356991198214e-05,1.513554357750e-04,1.7218864225,1.6335896575,1.8126305984,0.5011975488,-0.3256110443,1.2388668264,-0.6503074726,-0.8262919865,0.4606497301
1339,6.333188927865e-05,1.502172355126e-04,1.7218701868,1.6335576867,1.8126362919,0.5011695289,-0.3255827207,1.2388155861,-0.6502899124,-0.8262339887,0.4606215018
1340,6.309880847000e-05,1.501846949070e-04,1.7218349879,1.6335998052,1.8127502176,0.5011618096,-0.3255688451,1.2387720713,-0.6501889392,-0.8261722309,0.4605328860
1341,6.274474245399e-05,1.488839979118e-04,1.7217532523,1.6335308629,1.8127056583,0.5011449317,-0.3254831523,1.2387237061,-0.6500758202,-0.8261107490,0.4605267639
1342,6.235229672519e-05,1.480552598898e-04,1.7217441505,1.6334705424,1.8126591912,0.5011478050,-0.3254468856,1.2386261923,-0.6500389841,-0.8260136106,0.4604149866
1343,6.179366404019e-05,1.448116093536e-04,1.7216741006,1.6331951506,1.8128015781,0.5011860341,-0.3253128139,1.2387140582,-0.6500877183,-0.8258930309,0.4602928934
1344,6.227311240514e-05,1.478595997945e-04,1.7215872347,1.6331056430,1.8127937487,0.5013409128,-0.3252283263,1.2387112809,-0.6498777323,-0.8258160000,0.4600414570
1345,6.173988260932e-05,1.442973679000e-04,1.7216916770,1.6331736676,1.8127864107,0.5011460600,-0.3253699544,1.2387593947,-0.6500543218,-0.8258623564,0.4602879053
1346,6.156661783890e-05,1.421871157401e-04,1.7215975302,1.6331968924,1.8127562044,0.5010080617,-0.3253316997,1.2387708970,-0.6501231837,-0.8258333591,0.4602290622
1347,6.135149853176e-05,1.424866729147e-04,1.7216187362,1.6332116894,1.8127536486,0.5010040319,-0.3252983131,1.2387753324,-0.6501356853,-0.8257493679,0.4602601014
1348,6.130850628272e-05,1.407873811679e-04,1.7216083630,1.6331687894,1.8127722387,0.5009718462,-0.3253111882,1.2387219437,-0.6501485418,-0.8257004748,0.4602932454
1349,6.126192051104e-05,1.410854907506e-04,1.7216718502,1.6331529057,1.8127781555,0.5009219122,-0.3252599580,1.2387158496,-0.6501315303,-0.8257139795,0.4602858125
1350,6.122832859901e-05,1.410651490726e-04,1.7216813871,1.6331092481,1.8127004440,0.5009320556,-0.3252426857,1.2387283270,-0.6501651217,-0.8257082279,0.4603014848
1351,6.117681128881e-05,1.413170307788e-04,1.7217287479,1.6331168031,1.8127123898,0.5009366987,-0.3252650842,1.2387253759,-0.6502272849,-0.8256775821,0.4602543491
1352,6.129935426158e-05,1.415503225364e-04,1.7217335046,1.6331126508,1.8127415683,0.5009155992,-0.3252353230,1.2387866894,-0.6502627554,-0.8256368346,0.4602875149
1353,6.128993267618e-05,1.414513657900e-04,1.7217402402,1.6331422811,1.8127034473,0.5009220240,-0.3252806867,1.2387196969,-0.6502404327,-0.8256916961,0.4602822009
1354,6.087949051103e-05,1.416533138865e-04,1.7217291799,1.6331298325,1.8126768739,0.5009394994,-0.3252426659,1.2386989421,-0.6501898152,-0.8256154504,0.4602085761
1355,6.070561751120e-05,1.411560513126e-04,1.7217062934,1.6331125639,1.8126478581,0.5009154865,-0.3252273510,1.2386751946,-0.6501705669,-0.8255833681,0.4601340026
1356,6.052950190927e-05,1.419852885758e-04,1.7217145856,1.6331534346,1.8126079434,0.5009131673,-0.3252025470,1.2386582664,-0.6501293849,-0.8255199189,0.4601402237
1357,6.039032241667e-05,1.417245557889e-04,1.7216914784,1.6331541434,1.8125666386,0.5008778953,-0.3251806779,1.2386352935,-0.6501012713,-0.8254770825,0.4600865207
1358,6.042514523069e-05,1.423441091422e-04,1.7216758238,1.6331703666,1.8125745928,0.5009138769,-0.3251129209,1.2385843927,-0.6501306454,-0.8254777944,0.4600771104
1359,6.038843950801e-05,1.409262631192e-04,1.7216902744,1.6331294715,1.8125782739,0.5008692728,-0.3251915741,1.2386064087,-0.6501032876,-0.8254580265,0.4601054908
1360,6.006442620171e-05,1.415032114813e-04,1.7217299465,1.6331045144,1.8125642344,0.5009148079,-0.3251959285,1.2386022128,-0.6500511359,-0.8254217426,0.4600672832
1361,6.004053523218e-05,1.435718338096e-04,1.7218365156,1.6331053863,1.8124975641,0.5009729424,-0.3252429514,1.2385458715,-0.6499770598,-0.8253646503,0.4599855187
1362,5.978592863892e-05,1.428527746594e-04,1.7218032763,1.6330468426,1.8125095802,0.5009766200,-0.3252143875,1.2385749863,-0.6499401323,-0.8253411421,0.4599439250
1363,5.961747055316e-05,1.406887173310e-04,1.7217782892,1.6329877396,1.8125182011,0.5009346376,-0.3252287534,1.2385251055,-0.6499384817,-0.8253046973,0.4599394288
1364,5.950176938418e-05,1.407213535686e-04,1.7217945033,1.6329721497,1.8125470023,0.5009357774,-0.3252127443,1.2385549216,-0.6499527711,-0.8252199256,0.4599507213
1365,5.920707929113e-05,1.398777859597e-04,1.7217775519,1.6329288672,1.8125376798,0.5009119965,-0.3252007889,1.2385641501,-0.6499306309,-0.8251708583,0.4598869958
1366,5.871845488831e-05,1.383606637032e-04,1.7217441239,1.6328150719,1.8124804271,0.5008772094,-0.3251630244,1.2385875301,-0.6498847935,-0.8250734117,0.4597982517
1367,5.776075237013e-05,1.355637459023e-04,1.7217224537,1.6327329188,1.8125147511,0.5007575785,-0.3251798784,1.2385681969,-0.6498229975,-0.8248642184,0.4594998339
1368,5.601682578393e-05,1.300111906568e-04,1.7216895210,1.6323620485,1.8123221020,0.5005695419,-0.3251329491,1.2385439257,-0.6496755895,-0.8243795967,0.4590881054
1369,6.904689527221e-05,1.760712404327e-04,1.7219409226,1.6324404928,1.8121632335,0.5011191906,-0.3247685663,1.2393747797,-0.6490931502,-0.8241098182,0.4581246834
1370,5.781338348437e-05,1.289769482856e-04,1.7219240874,1.6324088544,1.8125447440,0.5004282921,-0.3252801990,1.2383562480,-0.6499536080,-0.8238268469,0.4593592782
1371,5.605592374613e-05,1.306358603200e-04,1.7218110413,1.6323369729,1.8123558457,0.5004704936,-0.3250356980,1.2385385327,-0.6496349231,-0.8244286083,0.4590986927
1372,5.611392677951e-05,1.244817355551e-04,1.7214483460,1.6322582908,1.8124591901,0.5004628900,-0.3251252167,1.2384237614,-0.6494801449,-0.8243908330,0.4591779780
1373,5.602368863622e-05,1.307579014347e-04,1.7217009451,1.6324222262,1.8122768175,0.5005590668,-0.3251430358,1.2385037679,-0.6496283776,-0.8243678984,0.4590908483
1374,5.632504395497e-05,1.285736354103e-04,1.7217247709,1.6322828815,1.8122950949,0.5005676584,-0.3252185004,1.2384246500,-0.6497082071,-0.8244559692,0.4590305321
1375,5.608637855659e-05,1.298933337958e-04,1.7216968453,1.6323574396,1.8123190036,0.5005514464,-0.3251672234,1.2385700350,-0.6496630795,-0.8243834687,0.4590958606
1376,5.613723993558e-05,1.294530136426e-04,1.7216480807,1.6323795578,1.8122882636,0.5005063294,-0.3251146061,1.2385495310,-0.6497230658,-0.8243898163,0.4590776678
1377,5.605692551225e-05,1.299818472846e-04,1.7216904067,1.6323405806,1.8122922143,0.5005765834,-0.3251246365,1.2385432268,-0.6496764961,-0.8243784936,0.4591201032
1378,5.589195055028e-05,1.310834532418e-04,1.7216791707,1.6323552522,1.8123149973,0.5006087478,-0.3250882561,1.2385729337,-0.6496329285,-0.8243602172,0.4590313193
1379,5.565925728929e-05,1.310828886592e-04,1.7216950794,1.6323565202,1.8123454489,0.5006199874,-0.3250688417,1.2385629428,-0.6496360259,-0.8242702543,0.4590207353
1380,5.555680035824e-05,1.320125072429e-04,1.7217046961,1.6323841118,1.8123913407,0.5006631887,-0.3250308529,1.2385635230,-0.6496312467,-0.8242095633,0.4590158262
1381,5.540685450101e-05,1.321675629762e-04,1.7217147724,1.6323564069,1.8123554304,0.5006511079,-0.3250141552,1.2385795603,-0.6495938467,-0.8241362617,0.4589961409
1382,5.538200536975e-05,1.334957402626e-04,1.7217230408,1.6323664048,1.8123599929,0.5006852481,-0.3249690333,1.2386002387,-0.6495559231,-0.8240688514,0.4589820210
1383,5.528380606168e-05,1.328440535159e-04,1.7217434798,1.6323258180,1.8123678679,0.5006980448,-0.3249852229,1.2385421648,-0.6495682714,-0.8240432379,0.4589248724
1384,5.537011498813e-05,1.326983031067e-04,1.7217648412,1.6323213001,1.8124097073,0.5006836621,-0.3250524016,1.2385853693,-0.6495575479,-0.8240152364,0.4589079252
1385,5.532048851542e-05,1.335514929625e-04,1.7217688267,1.6323401084,1.8123470616,0.5007052019,-0.3249841217,1.2385573925,-0.6495965014,-0.8240426778,0.4589130887
1386,5.490588542817e-05,1.313533616958e-04,1.7216920638,1.6323346714,1.8123765974,0.5006436239,-0.3249585805,1.2385350973,-0.6496040785,-0.8240094500,0.4588923664
1387,5.474837378017e-05,1.298306438254e-04,1.7216524658,1.6322948295,1.8123773854,0.5006253030,-0.3249420141,1.2385249793,-0.6496572518,-0.8239567385,0.4589152928
1388,5.461846502663e-05,1.293358980997e-04,1.7216062071,1.6323174753,1.8124019824,0.5005965583,-0.3248983576,1.2385028519,-0.6496716786,-0.8239263385,0.4588664233
1389,5.458953968251e-05,1.283227324478e-04,1.7215719012,1.6322748752,1.8124119639,0.5006039604,-0.3248718868,1.2384813084,-0.6497154212,-0.8238702180,0.4588914462
1390,5.451642118603e-05,1.278562508696e-04,1.7215560162,1.6322382951,1.8123484096,0.5005603910,-0.3248641742,1.2384948140,-0.6496827054,-0.8238478131,0.4588657960
1391,5.462689524011e-05,1.289918723191e-04,1.7215904516,1.6322632803,1.8123077049,0.5005616904,-0.3248520080,1.2385213679,-0.6497499011,-0.8238319875,0.4588355878
1392,5.452744695922e-05,1.279611871813e-04,1.7215264802,1.6322516130,1.8123335528,0.5005871122,-0.3248843461,1.2384953856,-0.6496815737,-0.8238421618,0.4588571323
1393,5.441728036365e-05,1.276238807556e-04,1.7215196780,1.6322562573,1.8123793089,0.5005340369,-0.3248174730,1.2384659937,-0.6496527455,-0.8238335809,0.4588148468
1394,5.441529298494e-05,1.266806628037e-04,1.7215090755,1.6322485582,1.8124265016,0.5004922071,-0.3248705236,1.2384990969,-0.6496510176,-0.8237948887,0.4587938427
1395,5.432255906967e-05,1.255910836325e-04,1.7214726849,1.6321924230,1.8124398844,0.5004953944,-0.3248348608,1.2384674739,-0.6496452512,-0.8237424387,0.4588105519
1396,5.443722180692e-05,1.254404812465e-04,1.7214823114,1.6322350476,1.8124198525,0.5004595604,-0.3248555413,1.2384085682,-0.6496369466,-0.8237057319,0.4588435852
1397,5.429845871507e-05,1.250554241847e-04,1.7214782861,1.6321724610,1.8124395155,0.5004944905,-0.3248531476,1.2384378904,-0.6496579461,-0.8237566832,0.4587882912
1398,5.476082372990e-05,1.243048804508e-04,1.7214108415,1.6321483627,1.8124444660,0.5004530170,-0.3248364703,1.2384406042,-0.6496832763,-0.8238023613,0.4587988897
1399,5.422863243332e-05,1.247824494310e-04,1.7214754778,1.6321636013,1.8124492555,0.5004980792,-0.3248658575,1.2384321463,-0.6496176496,-0.8237743063,0.4588015934
1400,5.389438939307e-05,1.253709740735e-04,1.7215217078,1.6321420370,1.8124573175,0.5005407887,-0.3248583592,1.2384292171,-0.6495665975,-0.8237406777,0.4587602817
1401,5.375057610107e-05,1.258505370151e-04,1.7215499436,1.6321034695,1.8124715670,0.5005769555,-0.3248452254,1.2384253898,-0.6495048606,-0.8237224013,0.4587170199
1402,5.378156109925e-05,1.261545372121e-04,1.7215588288,1.6320528779,1.8124901715,0.5006036011,-0.3248281402,1.2384210992,-0.6494391662,-0.8237200764,0.4586761058
1403,5.369488665014e-05,1.256743988728e-04,1.7215507229,1.6320985092,1.8124331611,0.5005515448,-0.3248494175,1.2384254939,-0.6494899114,-0.8237129847,0.4587120867
1404,5.367119699184e-05,1.259528013681e-04,1.7215862665,1.6321348190,1.8124367466,0.5005518329,-0.3248684696,1.2383642150,-0.6494627834,-0.8236653554,0.4587289014
1405,5.354312545802e-05,1.255481710419e-04,1.7216093541,1.6321117794,1.8124207541,0.5005538437,-0.3248743321,1.2383304386,-0.6495218708,-0.8236517638,0.4586670542
1406,5.342746406128e-05,1.254547578800e-04,1.7216292066,1.6320587654,1.8124035155,0.5005595569,-0.3248665943,1.2383089329,-0.6494799898,-0.8236347159,0.4586046157
1407,5.350266203813e-05,1.259385278473e-04,1.7216600172,1.6320586764,1.8124631364,0.5006078066,-0.3248665584,1.2382602542,-0.6494777066,-0.8236150345,0.4585844703
1408,5.342458181046e-05,1.254177805262e-04,1.7216582191,1.6320465831,1.8124160887,0.5005342834,-0.3248434510,1.2383119877,-0.6494849681,-0.8236360497,0.4586165124
1409,5.326271406020e-05,1.256040793944e-04,1.7216413301,1.6320327131,1.8123977734,0.5005552545,-0.3248028741,1.2383362143,-0.6495023978,-0.8235577253,0.4586251853
1410,5.319643362384e-05,1.260255881071e-04,1.7216626556,1.6320570526,1.8124148315,0.5005301108,-0.3248332316,1.2383938752,-0.6494989306,-0.8235174113,0.4585788600
1411,5.304562725439e-05,1.238960571270e-04,1.7216210892,1.6320051202,1.8124270321,0.5004839414,-0.3248616152,1.2383790343,-0.6495117057,-0.8234715236,0.4585786917
1412,5.288946117843e-05,1.234996863115e-04,1.7216078469,1.6319517142,1.8123990261,0.5004700169,-0.3248452382,1.2383961783,-0.6494575504,-0.8234278299,0.4585543986
1413,5.273566227987e-05,1.232030193994e-04,1.7215644304,1.6319849405,1.8124049162,0.5004300800,-0.3247922883,1.2383735035,-0.6494548354,-0.8234154678,0.4585107713
1414,5.261034846432e-05,1.226197082276e-04,1.7215413764,1.6319675330,1.8123647731,0.5003909197,-0.3247679714,1.2383668681,-0.6494735242,-0.8233571242,0.4584703746
1415,5.251849734084e-05,1.222573942329e-04,1.7215677012,1.6319448624,1.8124139426,0.5003483999,-0.3247160715,1.2383634627,-0.6494613206,-0.8233172940,0.4584816396
1416,5.230763513681e-05,1.218604651717e-04,1.7215389943,1.6319357718,1.8124536104,0.5003843260,-0.3247149434,1.2383319011,-0.6494412351,-0.8232640965,0.4584369378
1417,5.217624236581e-05,1.213508164541e-04,1.7215332955,1.6319380110,1.8124882921,0.5003482451,-0.3247430223,1.2383383585,-0.6494069157,-0.8232378435,0.4583679400
1418,5.195214546333e-05,1.206865432868e-04,1.7215135842,1.6319083336,1.8124963355,0.5003519600,-0.3247338285,1.2383176898,-0.6494031905,-0.8231600187,0.4583224436
1419,5.209227758518e-05,1.200432429445e-04,1.7214288369,1.6318117445,1.8125619560,0.5003794658,-0.3246727853,1.2383777112,-0.6494430493,-0.8231413380,0.4582267396
1420,5.198912711468e-05,1.210010050768e-04,1.7214985592,1.6319306065,1.8125006532,0.5003548773,-0.3247369545,1.2383491782,-0.6494016038,-0.8231378838,0.4583384826
1421,5.178407214163e-05,1.199589445464e-04,1.7215006369,1.6319067545,1.8124898802,0.5003366735,-0.3247378368,1.2382486073,-0.6493582021,-0.8231085822,0.4583126249
1422,5.162934378816e-05,1.215337671178e-04,1.7215540644,1.6319355486,1.8124692312,0.5003667880,-0.3247028395,1.2382425510,-0.6493343189,-0.8230781942,0.4582654254
1423,5.160328905479e-05,1.214660210835e-04,1.7215797332,1.6319684561,1.8124947155,0.5003604817,-0.3247179362,1.2381960084,-0.6493885694,-0.8230383378,0.4582400636
1424,5.153765263122e-05,1.220344564985e-04,1.7215543627,1.6320146744,1.8125084246,0.5003640796,-0.3246887007,1.2381667794,-0.6493281649,-0.8230000024,0.4582262084
1425,5.144689347059e-05,1.218848416754e-04,1.7215990789,1.6319868578,1.8124911787,0.5003130635,-0.3246712504,1.2381688805,-0.6493011270,-0.8229426730,0.4582262123
1426,5.155983983446e-05,1.223327263770e-04,1.7216314750,1.6319593845,1.8125132009,0.5003650216,-0.3247175639,1.2381600347,-0.6492609122,-0.8229085135,0.4582281627
1427,5.140266746295e-05,1.217033335704e-04,1.7215964803,1.6319957848,1.8124890183,0.5002945586,-0.3246997138,1.2381809324,-0.6492898163,-0.8229505419,0.4581958611
1428,5.137489161405e-05,1.218111467964e-04,1.7215721290,1.6320025925,1.8124027337,0.5002946981,-0.3247034783,1.2381654297,-0.6492974503,-0.8229216753,0.4581681203
1429,5.129461364906e-05,1.221058682825e-04,1.7216130759,1.6320178160,1.8123852602,0.5002553761,-0.3246738066,1.2381248534,-0.6492723701,-0.8229634500,0.4581315272
1430,5.143704373489e-05,1.237167178703e-04,1.7216505814,1.6320908371,1.8123640093,0.5002297100,-0.3246651958,1.2381682728,-0.6492661695,-0.8229543923,0.4581399549
1431,5.141382827784e-05,1.217331969675e-04,1.7216116562,1.6320298813,1.8123871941,0.5002372973,-0.3246988948,1.2380968477,-0.6492800267,-0.8229597223,0.4581546697
1432,5.105390435683e-05,1.214007500717e-04,1.7215920508,1.6319880892,1.8124107423,0.5002341871,-0.3246334034,1.2381280363,-0.6492866409,-0.8229448914,0.4580581424
1433,5.095265974736e-05,1.206380994961e-04,1.7215492038,1.6319393317,1.8124040458,0.5002044121,-0.3245982889,1.2381515365,-0.6492405578,-0.8229632786,0.4580334765
1434,5.093068549328e-05,1.199272519350e-04,1.7215196050,1.6319307160,1.8124367079,0.5001634968,-0.3245778488,1.2381541716,-0.6492709706,-0.8229210362,0.4579771319
1435,5.084932365951e-05,1.204542607718e-04,1.7215221918,1.6319056418,1.8123959988,0.5001994352,-0.3245061852,1.2381269744,-0.6492875037,-0.8229069772,0.4579687981
1436,5.072543481943e-05,1.208312079336e-04,1.7215141030,1.6319011902,1.8123785160,0.5002475421,-0.3245277863,1.2381216070,-0.6492685832,-0.8229254808,0.4578907017
1437,5.069256162538e-05,1.204975197958e-04,1.7214629825,1.6318613506,1.8123424727,0.5002439724,-0.3245048240,1.2381351828,-0.6492168729,-0.8229415753,0.4578616657
1438,5.080262110269e-05,1.208916908121e-04,1.7215020902,1.6318508690,1.8123817177,0.5002336335,-0.3244660165,1.2381039554,-0.6491936635,-0.8229927946,0.4578289488
1439,5.063143244982e-05,1.205990140910e-04,1.7214452407,1.6318894899,1.8123559612,0.5002495230,-0.3244954740,1.2381161335,-0.6491965228,-0.8229237926,0.4578617389
1440,5.055425779077e-05,1.203967295479e-04,1.7214035703,1.6319026456,1.8123511591,0.5002557253,-0.3244914854,1.2381042050,-0.6492254747,-0.8228647418,0.4578021943
1441,5.064052476667e-05,1.223407688740e-04,1.7214285852,1.6319531389,1.8123337004,0.5002649449,-0.3244573356,1.2381710246,-0.6492088210,-0.8228522110,0.4577829736
1442,5.070264723367e-05,1.205716430452e-04,1.7213896480,1.6319278411,1.8123315846,0.5002426705,-0.3244890084,1.2380946951,-0.6492421658,-0.8228919623,0.4578009146
1443,5.026100592115e-05,1.201702448644e-04,1.7214399697,1.6318908586,1.8123117481,0.5002559821,-0.3245204724,1.2380654793,-0.6491816989,-0.8228127857,0.4577969809
1444,5.010017940393e-05,1.201579541368e-04,1.7214446642,1.6318631138,1.8123090536,0.5003146256,-0.3245456078,1.2380406466,-0.6491434127,-0.8227579007,0.4578029159
1445,4.994205817949e-05,1.193733697002e-04,1.7214692983,1.6318072309,1.8122923195,0.5002934995,-0.3245662792,1.2380480270,-0.6491680917,-0.8227079981,0.4577586121
1446,4.992453733482e-05,1.192535027598e-04,1.7214777132,1.6318051411,1.8122253666,0.5002947464,-0.3246020139,1.2379978680,-0.6491633254,-0.8226741867,0.4577366632
1447,4.981670694326e-05,1.183186616508e-04,1.7214475870,1.6317697718,1.8122194394,0.5002466802,-0.3245740807,1.2379999741,-0.6491117634,-0.8226343699,0.4577582783
1448,4.970693082157e-05,1.179094495165e-04,1.7214313018,1.6317145196,1.8122431773,0.5002986554,-0.3245830361,1.2380060149,-0.6490956792,-0.8225792195,0.4577579196
1449,4.958943987049e-05,1.179524082433e-04,1.7214747707,1.6317001529,1.8122878219,0.5002896065,-0.3245603076,1.2379623200,-0.6490573594,-0.8225699095,0.4577149299
1450,4.968096704666e-05,1.181622380327e-04,1.7214662690,1.6316969546,1.8122679228,0.5003135558,-0.3245645351,1.2378977845,-0.6489978353,-0.8225349560,0.4577155473
1451,4.955704173093e-05,1.181091203697e-04,1.7214796883,1.6316871325,1.8122699139,0.5002993293,-0.3245232678,1.2379509383,-0.6490769563,-0.8225699650,0.4577172809
1452,4.933884837560e-05,1.169042656780e-04,1.7214852281,1.6316318920,1.8122660414,0.5002587340,-0.3245279989,1.2379570047,-0.6491080530,-0.8225363182,0.4576616344
1453,4.928512396934e-05,1.183038798142e-04,1.7215279433,1.6316426242,1.8122459315,0.5002613920,-0.3245001763,1.2380148655,-0.6490897620,-0.8224901679,0.4576290404
1454,4.928215824151e-05,1.179101083657e-04,1.7215623000,1.6316480587,1.8122764330,0.5002336394,-0.3245027417,1.2379974673,-0.6491307528,-0.8224307534,0.4576686628
1455,4.936098398106e-05,1.176303252691e-04,1.7216168374,1.6315762830,1.8122634148,0.5002224694,-0.3245182589,1.2380111357,-0.6491174214,-0.8224545827,0.4576888250
1456,4.923918752880e-05,1.174950544200e-04,1.7215417317,1.6316390896,1.8122839322,0.5002073430,-0.3244802343,1.2380072248,-0.6491110983,-0.8224273013,0.4576844347
1457,4.904937415828e-05,1.167440434565e-04,1.7215118186,1.6316083321,1.8123308099,0.5001962240,-0.3244415013,1.2380200084,-0.6491349802,-0.8224081394,0.4576275415
1458,4.884039173142e-05,1.158169332782e-04,1.7214769707,1.6315802749,1.8123168897,0.5001708762,-0.3244207784,1.2379889492,-0.6491235116,-0.8223541338,0.4575753890
1459,4.866005694282e-05,1.159117034165e-04,1.7214601660,1.6315670854,1.8123274454,0.5001670863,-0.3243681448,1.2379948895,-0.6491039359,-0.8222956431,0.4575223994
1460,4.866340563675e-05,1.156296396928e-04,1.7214538639,1.6315744702,1.8123222436,0.5001006594,-0.3243308770,1.2379829726,-0.6491177831,-0.8222903321,0.4574614462
1461,4.870851088423e-05,1.161192674426e-04,1.7214539759,1.6315591530,1.8123009841,0.5001777852,-0.3243411986,1.2379954737,-0.6491303489,-0.8222979397,0.4575348385
1462,4.857779516554e-05,1.149785111841e-04,1.7214049069,1.6315396589,1.8123375258,0.5001655971,-0.3244038005,1.2380330237,-0.6491022136,-0.8222414203,0.4575018625
1463,4.843596822013e-05,1.140282067017e-04,1.7213698906,1.6315072362,1.8123881130,0.5001880945,-0.3243882422,1.2379765451,-0.6490754602,-0.8222221079,0.4574901653
1464,4.837093037530e-05,1.151280885331e-04,1.7213837692,1.6315133325,1.8124296028,0.5002214648,-0.3243433887,1.2380084819,-0.6490353144,-0.8221804986,0.4574664919
1465,4.830232531705e-05,1.141384415725e-04,1.7213169376,1.6314741900,1.8124545617,0.5002252511,-0.3243141383,1.2380073072,-0.6490534191,-0.8221415734,0.4574407195
1466,4.807598485923e-05,1.139688709277e-04,1.7213058557,1.6314735087,1.8124009617,0.5002241145,-0.3243124365,1.2379721724,-0.6490057571,-0.8220825552,0.4574375067
1467,4.801828388296e-05,1.143698201375e-04,1.7213237486,1.6315090609,1.8124050410,0.5002588866,-0.3243375856,1.2379366900,-0.6490514355,-0.8220359507,0.4574052551
1468,4.784345160008e-05,1.137512531006e-04,1.7213678035,1.6314343235,1.8123912767,0.5002604081,-0.3243501616,1.2379206817,-0.6490404600,-0.8220019117,0.4573810026
1469,4.780712085251e-05,1.131067720840e-04,1.7213816991,1.6314152359,1.8124041045,0.5002309411,-0.3243536363,1.2378871508,-0.6490197987,-0.8219254775,0.4574126926
1470,4.767956250629e-05,1.130676034671e-04,1.7213693898,1.6313886821,1.8123720222,0.5002631682,-0.3243701060,1.2378572956,-0.6489689287,-0.8219033837,0.4573594287
1471,4.744539543838e-05,1.120540437698e-04,1.7213419092,1.6313226121,1.8123757304,0.5002785382,-0.3243521975,1.2378552687,-0.6489978009,-0.8218674267,0.4573127569
1472,4.722786615396e-05,1.119844635019e-04,1.7213559326,1.6312141743,1.8124408270,0.5003457948,-0.3243119749,1.2378780943,-0.6489958567,-0.8217928742,0.4572051334
1473,4.676970441714e-05,1.090569882953e-04,1.7212386148,1.6311297524,1.8123975187,0.5003303895,-0.3242983926,1.2378162743,-0.6490369510,-0.8216937044,0.4571668324
1474,4.622629682016e-05,1.053757070885e-04,1.7210436294,1.6309819370,1.8122915768,0.5003589498,-0.3243073239,1.2376623007,-0.6489842052,-0.8214842881,0.4570339151
1475,4.659911903787e-05,1.028065662967e-04,1.7209255822,1.6308296958,1.8124406557,0.5003141955,-0.3241789153,1.2376813858,-0.6491719805,-0.8212685858,0.4570294407
1476,4.618068918444e-05,1.047251954586e-04,1.7210319515,1.6309987642,1.8123312369,0.5003037580,-0.3243517818,1.2376822412,-0.6489651401,-0.8214773333,0.4569872736
1477,4.587180591459e-05,1.057942273404e-04,1.7210825179,1.6309452200,1.8123380306,0.5003956486,-0.3243664497,1.2376819311,-0.6488626541,-0.8214592034,0.4568646412
1478,4.588984851356e-05,1.067943827957e-04,1.7210869053,1.6309362645,1.8122350681,0.5004151221,-0.3244264975,1.2378249444,-0.6488798723,-0.8213916387,0.4568644476
1479,4.597593736472e-05,1.054939186179e-04,1.7210692412,1.6309312085,1.8123556504,0.5004153815,-0.3243985640,1.2376808129,-0.6488631775,-0.8214652886,0.4568835538
1480,4.584721393724e-05,1.052649179869e-04,1.7211086743,1.6309035973,1.8122992145,0.5003705430,-0.3243796708,1.2376585185,-0.6488939585,-0.8214918746,0.4568129103
1481,4.588252794996e-05,1.053553884314e-04,1.7211653095,1.6308927569,1.8122863686,0.5003380418,-0.3243880347,1.2376277829,-0.6488532370,-0.8214421171,0.4568303724
1482,4.583738430236e-05,1.055603069852e-04,1.7211198876,1.6309308667,1.8123014888,0.5003867088,-0.3243935211,1.2376431489,-0.6489177687,-0.8214760578,0.4568020021
1483,4.569010395422e-05,1.062681693679e-04,1.7210953694,1.6309680504,1.8122678539,0.5003943403,-0.3243606519,1.2376344744,-0.6488785608,-0.8214731420,0.4567377737
1484,4.576438619958e-05,1.079166621371e-04,1.7211467839,1.6309974236,1.8122842455,0.5004042098,-0.3243191713,1.2376720170,-0.6488657084,-0.8214969578,0.4566901795
1485,4.581852010094e-05,1.066331892026e-04,1.7211031853,1.6309859311,1.8122551690,0.5003997034,-0.3243850009,1.2376313418,-0.6488608966,-0.8215026292,0.4567498285
1486,4.547966268359e-05,1.054910698023e-04,1.7210464068,1.6309334369,1.8122766442,0.5004115196,-0.3243461992,1.2376160897,-0.6488778145,-0.8214215134,0.4566846772
1487,4.532216583047e-05,1.049166906578e-04,1.7210062605,1.6308954439,1.8122948786,0.5004405315,-0.3243416106,1.2376018336,-0.6488715990,-0.8213788728,0.4566239361
1488,4.524793298916e-05,1.039510993684e-04,1.7209714324,1.6309181426,1.8123232903,0.5003686884,-0.3243633983,1.2376140325,-0.6488783899,-0.8213593885,0.4565885263
1489,4.513449986210e-05,1.035297006278e-04,1.7209246977,1.6309143033,1.8122969407,0.5003541919,-0.3243077980,1.2375932365,-0.6489089538,-0.8213152432,0.4565663939
1490,4.500998354701e-05,1.029220835179e-04,1.7208804705,1.6308840637,1.8123186287,0.5003687630,-0.3243036652,1.2375822095,-0.6489075680,-0.8212725567,0.4564994305
1491,4.500044310157e-05,1.025542355020e-04,1.7208193420,1.6309049942,1.8122739993,0.5003715685,-0.3243297785,1.2375431045,-0.6488742860,-0.8212730793,0.4564769249
1492,4.505446231284e-05,1.026794520912e-04,1.7208299350,1.6309414769,1.8122843496,0.5003968086,-0.3243664710,1.2375083521,-0.6489373567,-0.8212380352,0.4564696763
1493,4.502368695308e-05,1.023997086587e-04,1.7208195316,1.6309090204,1.8122997860,0.5003667435,-0.3243141708,1.2375085163,-0.6488698795,-0.8212914092,0.4564773489
1494,4.486473240745e-05,1.036958010321e-04,1.7208321488,1.6309418046,1.8122637787,0.5003737938,-0.3242844837,1.2375728163,-0.6488577242,-0.8212619719,0.4564059356
1495,4.514887927148e-05,1.038521063437e-04,1.7208086485,1.6309173095,1.8122456184,0.5003670331,-0.3242719454,1.2375968706,-0.6489039871,-0.8213108089,0.4563492690
1496,4.480959606695e-05,1.034638866791e-04,1.7208602408,1.6309233422,1.8122456378,0.5003541922,-0.3242917743,1.2375535673,-0.6488545307,-0.8212555269,0.4563924727
1497,4.454677412374e-05,1.034861136888e-04,1.7208760395,1.6309274597,1.8122506832,0.5003373876,-0.3242706958,1.2375497240,-0.6488021481,-0.8211766954,0.4563896128
1498,4.431263450172e-05,1.034815770047e-04,1.7208904709,1.6309183720,1.8122453953,0.5003108525,-0.3242421269,1.2375513691,-0.6487591730,-0.8211030189,0.4563598958
1499,4.429618950397e-05,1.046268091813e-04,1.7208927014,1.6310207627,1.8121421490,0.5002439372,-0.3242180191,1.2375146498,-0.6486674949,-0.8210412198,0.4563747361
1500,4.404238998984e-05,1.043127660031e-04,1.7209078335,1.6309802438,1.8121601033,0.5002289193,-0.3241902556,1.2375275955,-0.6486460488,-0.8209765365,0.4563300250
1501,4.391655027747e-05,1.062893899445e-04,1.7208737393,1.6310447644,1.8122431671,0.5002907420,-0.3241067459,1.2376159253,-0.6486000139,-0.8209052942,0.4562855016
1502,4.353766260334e-05,1.056391244033e-04,1.7209073162,1.6309634295,1.8122376011,0.5002320152,-0.3240555430,1.2376254249,-0.6485579452,-0.8207855803,0.4561856807
1503,4.300236739152e-05,1.064344076108e-04,1.7209357280,1.6309478369,1.8121252532,0.5000848742,-0.3239186398,1.2376459198,-0.6484267442,-0.8205674080,0.4559839340
1504,4.291926542432e-05,1.032253704516e-04,1.7208422085,1.6308441766,1.8121853022,0.5000118047,-0.3239335522,1.2376033403,-0.6482958198,-0.8202914901,0.4561743450
1505,4.297944129611e-05,1.038712944053e-04,1.7209295764,1.6308960596,1.8122763429,0.4999808554,-0.3238712754,1.2374788661,-0.6483113870,-0.8202657836,0.4561619623
1506,4.287601167663e-05,1.028017089615e-04,1.7208355467,1.6308550947,1.8122064111,0.4999899480,-0.3239649466,1.2376074664,-0.6482837057,-0.8202960882,0.4561587698
1507,4.281404678969e-05,1.032910592915e-04,1.7208570628,1.6308374338,1.8122006388,0.5000419682,-0.3239958296,1.2375865934,-0.6482226722,-0.8202859418,0.4561231572
1508,4.280819624258e-05,1.038794634993e-04,1.7208412782,1.6308832829,1.8121611413,0.5000112007,-0.3239964908,1.2375930686,-0.6481667257,-0.8202619890,0.4560857956
1509,4.293006851575e-05,1.047542415483e-04,1.7209148932,1.6308730654,1.8121685599,0.4999922156,-0.3240077879,1.2376508515,-0.6481472171,-0.8202503424,0.4560946414
1510,4.273488432438e-05,1.036105452548e-04,1.7208354066,1.6308678202,1.8121699745,0.4999997262,-0.3239749110,1.2375928751,-0.6481397777,-0.8202901812,0.4560912750
1511,4.237939402990e-05,1.021243326259e-04,1.7207906011,1.6308121955,1.8121984219,0.4999870294,-0.3239592408,1.2375865971,-0.6481287307,-0.8202924717,0.4560319822
1512,4.206548358010e-05,1.006593917904e-04,1.7206861530,1.6307434419,1.8122929989,0.5000019358,-0.3239101513,1.2376055951,-0.6480935609,-0.8202929273,0.4559262056
1513,4.177124900345e-05,9.750163111599e-05,1.7206594864,1.6306113608,1.8122515177,0.4999148336,-0.3239382535,1.2375277872,-0.6480930483,-0.8203199852,0.4558557800
1514,4.200161921808e-05,9.678601334695e-05,1.7206074924,1.6305745156,1.8122825794,0.4998878841,-0.3239103919,1.2374896911,-0.6479764372,-0.8204473985,0.4559025570
1515,4.173103615623e-05,9.703934809113e-05,1.7206452760,1.6306012471,1.8122581430,0.4999079204,-0.3239433784,1.2375204704,-0.6480800556,-0.8202856680,0.4558818149
1516,4.164239110332e-05,9.663355675971e-05,1.7205828815,1.6306306378,1.8122273784,0.4999065797,-0.3239504383,1.2374815010,-0.6480822523,-0.8202553130,0.4558393867
1517,4.148813275723e-05,9.641370353031e-05,1.7205870762,1.6306067943,1.8122172434,0.4998640456,-0.3239366180,1.2375091517,-0.6480552259,-0.8202011128,0.4557857361
1518,4.129671611591e-05,9.598364465435e-05,1.7205956847,1.6305637808,1.8122272456,0.4999046756,-0.3239812836,1.2374923665,-0.6480343155,-0.8201623714,0.4557398016
1519,4.137652036346e-05,9.520723322043e-05,1.7205822419,1.6305777616,1.8122734616,0.4998611909,-0.3240513362,1.2375062904,-0.6480436830,-0.8201598611,0.4557197595
1520,4.132941283913e-05,9.594150559733e-05,1.7205751893,1.6305516471,1.8122040161,0.4999131411,-0.3239962036,1.2375240933,-0.6480350832,-0.8201687994,0.4557468960
1521,4.112629057457e-05,9.534599489225e-05,1.7205892312,1.6305051744,1.8122316474,0.4999207738,-0.3239539217,1.2374652444,-0.6480547212,-0.8201089810,0.4557011506
1522,4.097142110837e-05,9.521580226957e-05,1.7206277095,1.6304795507,1.8121813749,0.4999185434,-0.3239678784,1.2374233953,-0.6480361762,-0.8200585634,0.4556788223
1523,4.085503076251e-05,9.599121102544e-05,1.7206387749,1.6304814420,1.8121839070,0.4999623437,-0.3239497608,1.2374196763,-0.6480002273,-0.8199890680,0.4556402854
1524,4.067104604766e-05,9.515885485167e-05,1.7206258862,1.6304214145,1.8121568233,0.4999615250,-0.3239458931,1.2374113896,-0.6480195504,-0.8199272481,0.4556053902
1525,4.053794429049e-05,9.634275549408e-05,1.7206861088,1.6304097438,1.8121032587,0.4999961523,-0.3239308637,1.2374225259,-0.6480870696,-0.8199552794,0.4554426809
1526,4.037835455040e-05,9.536722472459e-05,1.7206018069,1.6304173151,1.8120511977,0.5000758469,-0.3239652223,1.2372984233,-0.6481425928,-0.8199005972,0.4554092247
1527,4.047750483971e-05,9.557748618538e-05,1.7206554306,1.6303770260,1.8119187267,0.5000481736,-0.3240252042,1.2372664680,-0.6481052747,-0.8198003183,0.4553757665
1528,4.040308908426e-05,9.586631624103e-05,1.7206074963,1.6304412255,1.8120522607,0.5000888409,-0.3239683223,1.2373229270,-0.6481611233,-0.8198737690,0.4554164893
1529,4.019823050672e-05,9.500235103721e-05,1.7205626413,1.6303766651,1.8120839011,0.5001063546,-0.3239268902,1.2372991889,-0.6481269806,-0.8198714814,0.4553617695
1530,4.019552842560e-05,9.458968724674e-05,1.7205884807,1.6303096532,1.8121197369,0.5001466554,-0.3239183097,1.2372765880,-0.6481620402,-0.8198621558,0.4553674978
1531,4.006290465774e-05,9.421993268999e-05,1.7205717947,1.6303139842,1.8121183260,0.5001063824,-0.3238430817,1.2372478633,-0.6481910853,-0.8198392820,0.4553524071
1532,4.000901671136e-05,9.526267962889e-05,1.7205832208,1.6303443091,1.8121294002,0.5001417544,-0.3237905528,1.2372146193,-0.6481660696,-0.8198416433,0.4552969073
1533,4.005402508001e-05,9.574382681543e-05,1.7205481670,1.6303203975,1.8120747354,0.5001768801,-0.3237386756,1.2372403455,-0.6481707422,-0.8198637264,0.4553076235
1534,4.003672079728e-05,9.525334980731e-05,1.7205862181,1.6303412718,1.8121233416,0.5001353486,-0.3238004668,1.2372274590,-0.6481922661,-0.8198578473,0.4552623809
1535,3.988845473035e-05,9.417092367048e-05,1.7205185811,1.6303358698,1.8121744872,0.5001183094,-0.3237717742,1.2371879262,-0.6481529278,-0.8198035203,0.4552750727
1536,3.985504255533e-05,9.340045872841e-05,1.7205092905,1.6303188437,1.8122190578,0.5001100456,-0.3237353684,1.2371181281,-0.6481822223,-0.8197824955,0.4552835352
1537,3.976338728962e-05,9.393549844594e-05,1.7205274784,1.6303175442,1.8122398747,0.5001280298,-0.3237130314,1.2371615821,-0.6481980515,-0.8197038897,0.4552738341
1538,3.970342965148e-05,9.463495549211e-05,1.7205187254,1.6303349963,1.8122805667,0.5001799386,-0.3237024491,1.2371502763,-0.6481516617,-0.8196768515,0.4552275141
1539,3.967353956702e-05,9.381486977400e-05,1.7204517917,1.6303103572,1.8122980420,0.5001655658,-0.3236959880,1.2371760489,-0.6481728138,-0.8196515193,0.4551764677
1540,3.964977925586e-05,9.393839260918e-05,1.7204711398,1.6302915534,1.8123389669,0.5001982434,-0.3236561714,1.2371432711,-0.6482190670,-0.8196140323,0.4551584394
1541,3.976429495128e-05,9.415412765867e-05,1.7204979402,1.6302642953,1.8123798109,0.5001547203,-0.3236078855,1.2371675378,-0.6481747049,-0.8196125940,0.4551491780
1542,3.979950147104e-05,9.433242960355e-05,1.7204615344,1.6303175713,1.8123645107,0.5002029015,-0.3236470719,1.2371603419,-0.6482320372,-0.8196321641,0.4551720562
1543,3.939657188523e-05,9.366839852454e-05,1.7204672013,1.6303063246,1.8122882129,0.5001856898,-0.3236648590,1.2371027734,-0.6482069280,-0.8195454669,0.4551367918
1544,3.922362638209e-05,9.277840615207e-05,1.7204593405,1.6302656370,1.8122718307,0.5002011763,-0.3237159639,1.2370767620,-0.6481874107,-0.8194821788,0.4551467879
1545,3.920896428533e-05,9.283142296457e-05,1.7204383033,1.6302998035,1.8122439126,0.5002006007,-0.3237355312,1.2370442171,-0.6481833064,-0.8194037505,0.4551461201
1546,3.907829296729e-05,9.278088253251e-05,1.7204291404,1.6302888891,1.8122327914,0.5002333262,-0.3237418728,1.2369923183,-0.6481406563,-0.8194293898,0.4550878778
1547,3.913956604812e-05,9.269697370562e-05,1.7204162368,1.6302762169,1.8122542200,0.5003042432,-0.3237677931,1.2369626415,-0.6481917005,-0.8194327862,0.4550917366
1548,3.907487143073e-05,9.299637038951e-05,1.7204131193,1.6302789423,1.8122072783,0.5002531750,-0.3237144077,1.2369991449,-0.6481340196,-0.8194288167,0.4551038209
1549,3.891870391315e-05,9.250233128910e-05,1.7204483717,1.6302097324,1.8122008505,0.5002428851,-0.3236957059,1.2369724369,-0.6481098449,-0.8193946139,0.4550721548
1550,3.874940164794e-05,9.128837120698e-05,1.7203924282,1.6301573548,1.8122107991,0.5002289236,-0.3237142307,1.2369925500,-0.6480772804,-0.8193774590,0.4550305546
1551,3.854472301834e-05,9.067010299513e-05,1.7203651967,1.6301270952,1.8122001717,0.5002130846,-0.3237013921,1.2369700039,-0.6480397543,-0.8193351317,0.4549664764
1552,3.844802329622e-05,9.083338716520e-05,1.7203492119,1.6300753897,1.8122421342,0.5002380965,-0.3236920857,1.2369622901,-0.6478921170,-0.8192494654,0.4548929711
1553,3.798366753527e-05,8.886943334097e-05,1.7202593529,1.6299680797,1.8121557307,0.5002335128,-0.3236291831,1.2369426985,-0.6479412454,-0.8191880647,0.4548439903
1554,3.772627460724e-05,8.785908263864e-05,1.7202295310,1.6299697457,1.8120831626,0.5001528771,-0.3235951109,1.2368564359,-0.6479705197,-0.8191476959,0.4547165115
1555,3.746405823774e-05,8.715818926275e-05,1.7201737977,1.6298691797,1.8120065455,0.5001815688,-0.3235061692,1.2368206631,-0.6479741029,-0.8190529413,0.4546728616
1556,3.768484330824e-05,8.655111710754e-05,1.7199909581,1.6298951371,1.8119943158,0.5001809338,-0.3235260350,1.2368681227,-0.6479605346,-0.8190382995,0.4546208963
1557,3.750856510665e-05,8.668683600122e-05,1.7201577327,1.6298636910,1.8120345690,0.5001662099,-0.3234950825,1.2367938102,-0.6479741585,-0.8190528764,0.4546914781
1558,3.742834565296e-05,8.617010391643e-05,1.7201944360,1.6298005604,1.8120191377,0.5001608924,-0.3235452158,1.2368321220,-0.6480103885,-0.8190345396,0.4546417463
1559,3.719909809735e-05,8.656175252708e-05,1.7202427898,1.6297860140,1.8120038383,0.5001671259,-0.3235281741,1.2368102323,-0.6479587452,-0.8189968552,0.4545935730
1560,3.721200122009e-05,8.633010437609e-05,1.7202607265,1.6297461698,1.8119414874,0.5001514170,-0.3235428502,1.2367788520,-0.6479095366,-0.8190151304,0.4545944255
1561,3.723698405866e-05,8.670214709416e-05,1.7202407338,1.6297741092,1.8120145530,0.5001853831,-0.3235144914,1.2368054336,-0.6479599213,-0.8190320763,0.4545722714
1562,3.712430677799e-05,8.708015861170e-05,1.7202780638,1.6297813426,1.8119982610,0.5001224428,-0.3234666765,1.2368517020,-0.6479471055,-0.8189716705,0.4545727214
1563,3.697860640195e-05,8.775225334645e-05,1.7203233381,1.6297954154,1.8119852798,0.5001505001,-0.3234537998,1.2368230370,-0.6479567232,-0.8189050523,0.4545369653
1564,3.684028025480e-05,8.687443373145e-05,1.7203312469,1.6297724294,1.8120423799,0.5001179267,-0.3234658442,1.2367906513,-0.6479280646,-0.8188580928,0.4545075165
1565,3.671366833868e-05,8.687827491349e-05,1.7203754162,1.6297416459,1.8120519935,0.5000994841,-0.3234279589,1.2367605732,-0.6479211945,-0.8188226381,0.4544525194
1566,3.675930125679e-05,8.750932463408e-05,1.7204042016,1.6297027455,1.8120767730,0.5001436584,-0.3234154832,1.2367842401,-0.6478772115,-0.8187741708,0.4544621847
1567,3.668043712995e-05,8.627826234475e-05,1.7203636485,1.6297127250,1.8120481628,0.5000965812,-0.3234303432,1.2367589098,-0.6479535861,-0.8188060236,0.4544654921
1568,3.663351124022e-05,8.594288427166e-05,1.7204118154,1.6297162921,1.8120566672,0.5000586944,-0.3234793249,1.2367595054,-0.6479937570,-0.8187731441,0.4544328553
1569,3.668233108495e-05,8.591837779259e-05,1.7204429440,1.6297363479,1.8120798953,0.5000360400,-0.3234494396,1.2366994779,-0.6480109522,-0.8187552303,0.4544824839
1570,3.663466288778e-05,8.573672633738e-05,1.7204170869,1.6297028822,1.8120246587,0.5000492178,-0.3234970304,1.2367428493,-0.6479718547,-0.8187712531,0.4544430453
1571,3.650380122316e-05,8.546115914310e-05,1.7203593689,1.6297268336,1.8120395861,0.5000383462,-0.3234678996,1.2367419474,-0.6479962513,-0.8187133648,0.4543837246
1572,3.654082410548e-05,8.489871861073e-05,1.7203459370,1.6297018879,1.8120426574,0.4999574170,-0.3234383911,1.2367811654,-0.6479838872,-0.8187069160,0.4543778029
1573,3.650622904433e-05,8.485133914560e-05,1.7203434454,1.6297117528,1.8120714959,0.5000322519,-0.3234874284,1.2367236142,-0.6479844355,-0.8187225926,0.4543790998
1574,3.643623448130e-05,8.520073104024e-05,1.7203471307,1.6297000150,1.8120117229,0.5000534594,-0.3234558242,1.2367041651,-0.6480324382,-0.8187044406,0.4543118652
1575,3.649612209133e-05,8.491232263308e-05,1.7202915032,1.6297228688,1.8119893890,0.5000634187,-0.3234970161,1.2367010526,-0.6480662859,-0.8186546513,0.4542905535
1576,3.651674585353e-05,8.540212671393e-05,1.7203419263,1.6297324195,1.8120036772,0.5000368942,-0.3234596170,1.2366953513,-0.6480322334,-0.8187338229,0.4543005384
1577,3.623557141541e-05,8.584425488534e-05,1.7203818612,1.6297015854,1.8120285614,0.5000783133,-0.3234402766,1.2367037428,-0.6479759059,-0.8186563567,0.4542656029
1578,3.614392999390e-05,8.544037287384e-05,1.7203990012,1.6296374623,1.8120626811,0.5000885832,-0.3234317933,1.2366877015,-0.6479498064,-0.8186322003,0.4542133456
1579,3.611708375317e-05,8.635854899763e-05,1.7204144924,1.6296842128,1.8120771078,0.5000974548,-0.3234392517,1.2366910597,-0.6478882751,-0.8185925489,0.4541701907
1580,3.611780746454e-05,8.745251644560e-05,1.7204608748,1.6296688420,1.8120292269,0.5001154342,-0.3233892553,1.2367209618,-0.6479016864,-0.8185614272,0.4541488745
1581,3.617605908252e-05,8.643077618042e-05,1.7204067070,1.6296726270,1.8120695711,0.5001029342,-0.3234578804,1.2367221971,-0.6478819808,-0.8186130826,0.4541492022
1582,3.603119854084e-05,8.563060341948e-05,1.7204271015,1.6296367938,1.8121205695,0.5000879134,-0.3234185317,1.2366343957,-0.6478817965,-0.8185552305,0.4541470018
1583,3.603979315903e-05,8.585639035807e-05,1.7203722272,1.6296249954,1.8121144268,0.5001306251,-0.3233654542,1.2366228307,-0.6478396530,-0.8185588121,0.4541627407
1584,3.606326151279e-05,8.588299663048e-05,1.7204224496,1.6296502507,1.8121528459,0.5000979966,-0.3234011441,1.2366512110,-0.6479036220,-0.8185576801,0.4541377063
1585,3.630953489403e-05,8.645609685021e-05,1.7204744757,1.6296203610,1.8121428282,0.5001477888,-0.3234472392,1.2366212272,-0.6478686521,-0.8185397000,0.4541916521
1586,3.608968853752e-05,8.596546798190e-05,1.7204350367,1.6296488094,1.8121108781,0.5001066100,-0.3234180848,1.2366071790,-0.6478907661,-0.8185795635,0.4541261289
1587,3.601711739093e-05,8.544413279865e-05,1.7204428458,1.6296406051,1.8121266997,0.5000113777,-0.3233718285,1.2366305097,-0.6478484450,-0.8185780577,0.4541505523
1588,3.577604648614e-05,8.438997267968e-05,1.7203909142,1.6296485998,1.8121010491,0.4999680557,-0.3233712561,1.2366129238,-0.6478710351,-0.8185189677,0.4541307305
1589,3.576705353819e-05,8.422283992560e-05,1.7203396993,1.6296900184,1.8120885742,0.4999309500,-0.3233306577,1.2365898297,-0.6478950409,-0.8184889071,0.4541091065
1590,3.573086938413e-05,8.333775277092e-05,1.7203223104,1.6296116364,1.8120776334,0.4999120453,-0.3233250403,1.2366038384,-0.6479088942,-0.8184789018,0.4540585399
1591,3.559734642483e-05,8.246900530806e-05,1.7203216529,1.6295900441,1.8120695180,0.4998886645,-0.3233641870,1.2365904056,-0.6478993996,-0.8184017101,0.4540925871
1592,3.555128708321e-05,8.185786894577e-05,1.7203463820,1.6295610457,1.8120786893,0.4998184240,-0.3233453915,1.2365811488,-0.6478610933,-0.8183727831,0.4541206338
1593,3.563101061782e-05,8.142449500959e-05,1.7203056325,1.6295624041,1.8120691223,0.4997963452,-0.3233391874,1.2365555968,-0.6478821332,-0.8182914004,0.4541218227
1594,3.543260716665e-05,8.213877202179e-05,1.7203549508,1.6295747463,1.8120849915,0.4998254519,-0.3233476546,1.2365876763,-0.6478320792,-0.8183558946,0.4540894091
1595,3.547903550127e-05,8.160040415039e-05,1.7203115645,1.6295861895,1.8120856182,0.4997917714,-0.3234076776,1.2366198626,-0.6477887269,-0.8183709458,0.4540790539
1596,3.544184055987e-05,8.175367326890e-05,1.7203525415,1.6295692456,1.8121051241,0.4998242075,-0.3233619112,1.2365470722,-0.6478297455,-0.8183658927,0.4540794234
1597,3.536554725425e-05,8.254250756667e-05,1.7204035046,1.6295800355,1.8120101098,0.4998197731,-0.3233706790,1.2365638910,-0.6478179398,-0.8183531035,0.4540634962
1598,3.533203959377e-05,8.272527955455e-05,1.7204660477,1.6295874444,1.8120480940,0.4998050525,-0.3234063013,1.2365922521,-0.6478497481,-0.8183288155,0.4540370576
1599,3.523765585545e-05,8.320814632445e-05,1.7205065597,1.6295890357,1.8120610674,0.4997691902,-0.3233521802,1.2365935892,-0.6477945164,-0.8183276497,0.4540067418
1600,3.527106924772e-05,8.252152149280e-05,1.7205366448,1.6295745939,1.8120509970,0.4997152915,-0.3233869033,1.2365396801,-0.6477767898,-0.8183628462,0.4539920813
1601,3.519989149775e-05,8.282135840876e-05,1.7205000635,1.6295458014,1.8120573352,0.4997729597,-0.3233516828,1.2366027256,-0.6477977487,-0.8183272865,0.4539851511
1602,3.525415668115e-05,8.350611628571e-05,1.7205386476,1.6295155784,1.8120649473,0.4998248021,-0.3233658675,1.2366028770,-0.6477361182,-0.8182987474,0.4539913352
1603,3.512914770937e-05,8.236214145396e-05,1.7204903801,1.6295390048,1.8120544047,0.4997524608,-0.3233525945,1.2365912508,-0.6477976904,-0.8182858986,0.4539944131
1604,3.498457700923e-05,8.240893216538e-05,1.7204728203,1.6295542729,1.8120396470,0.4997429920,-0.3233311397,1.2365765975,-0.6478048869,-0.8182336698,0.4539189385
1605,3.491737316885e-05,8.229561174067e-05,1.7204816066,1.6295321905,1.8120167661,0.4996990305,-0.3232790690,1.2365898973,-0.6478287097,-0.8181787288,0.4538964719
1606,3.489520395955e-05,8.302369532054e-05,1.7204771402,1.6295579143,1.8120060724,0.4997190693,-0.3232564586,1.2365909024,-0.6478358455,-0.8181845589,0.4538058889
1607,3.477016695946e-05,8.337906683653e-05,1.7204815051,1.6296118582,1.8120074170,0.4997189091,-0.3232611812,1.2365566099,-0.6478052701,-0.8181143313,0.4538079194
1608,3.473296480389e-05,8.391571137634e-05,1.7205060019,1.6296325554,1.8119902896,0.4996877881,-0.3232150619,1.2365543747,-0.6478034896,-0.8180399126,0.4538018884
1609,3.461613047095e-05,8.281689478351e-05,1.7204921409,1.6295909588,1.8119700207,0.4996804465,-0.3232653257,1.2365096125,-0.6478053319,-0.8179940184,0.4537706942
1610,3.459007901258e-05,8.244259304868e-05,1.7204525950,1.6296023653,1.8119659862,0.4996395047,-0.3233017954,1.2365607270,-0.6477616143,-0.8179746396,0.4537510982
1611,3.454904894529e-05,8.160955295455e-05,1.7204167389,1.6295900974,1.8120450084,0.4996254384,-0.3232895627,1.2365295993,-0.6477592583,-0.8179484083,0.4537335120
1612,3.449196040789e-05,8.098960794478e-05,1.7204194807,1.6295489396,1.8120252324,0.4995846000,-0.3232781303,1.2365163440,-0.6477725670,-0.8178800699,0.4537005577
1613,3.433152853533e-05,8.129859028683e-05,1.7204173473,1.6295790351,1.8120172313,0.4996095521,-0.3232939092,1.2364841455,-0.6477583787,-0.8178558980,0.4536209851
1614,3.423578878048e-05,8.214257983719e-05,1.7204253833,1.6296325805,1.8120176858,0.4996164431,-0.3232719320,1.2364681730,-0.6477391265,-0.8178096182,0.4535595846
1615,3.423417118864e-05,8.192993392675e-05,1.7203653215,1.6296244419,1.8119756498,0.4996275397,-0.3232408154,1.2364247774,-0.6476996728,-0.8178141214,0.4535567742
1616,3.443286545296e-05,8.204105668363e-05,1.7203235207,1.6296514565,1.8119662195,0.4996568176,-0.3232825909,1.2364138741,-0.6477504511,-0.8177720073,0.4535377831
1617,3.438720704996e-05,8.185877708700e-05,1.7203638309,1.6296429991,1.8119705629,0.4995927152,-0.3232456458,1.2364053835,-0.6477134729,-0.8178319815,0.4535543435
1618,3.393892621117e-05,8.186778495933e-05,1.7204081580,1.6295883820,1.8119903364,0.4996565443,-0.3232574283,1.2364147158,-0.6476308188,-0.8177954783,0.4535382786
1619,3.377813865185e-05,8.205543890361e-05,1.7204216818,1.6295436852,1.8120028227,0.4996851877,-0.3232291592,1.2364481277,-0.6476054386,-0.8178118840,0.4534749213
1620,3.378883086708e-05,8.319947427549e-05,1.7204557133,1.6295512044,1.8120184371,0.4997064429,-0.3231838528,1.2364686382,-0.6475478941,-0.8177643224,0.4534814708
1621,3.376190312721e-05,8.185232107649e-05,1.7204024037,1.6295503840,1.8120026253,0.4996650566,-0.3232494724,1.2364755203,-0.6475835004,-0.8178084462,0.4534702208
1622,3.374543204515e-05,8.159182727063e-05,1.7204465159,1.6295202009,1.8120189670,0.4996682620,-0.3233104064,1.2364487675,-0.6475494743,-0.8178126568,0.4534347018
1623,3.373422923031e-05,8.150375621785e-05,1.7204511966,1.6295272593,1.8120074242,0.4996125090,-0.3232673321,1.2364212702,-0.6475157546,-0.8178566709,0.4534030651
1624,3.365985163956e-05,8.129229242282e-05,1.7203929341,1.6294996425,1.8119809135,0.4996537036,-0.3232609590,1.2364107308,-0.6474910442,-0.8178515452,0.4533515441
1625,3.369344246057e-05,8.210326478220e-05,1.7204020551,1.6295493864,1.8119902879,0.4996618981,-0.3232612424,1.2364296154,-0.6475200222,-0.8178388130,0.4532745455
1626,3.368614142835e-05,8.174206417266e-05,1.7204114038,1.6295037555,1.8119372797,0.4996597455,-0.3232657290,1.2364227237,-0.6474891386,-0.8178569301,0.4533530711
1627,3.349635117050e-05,8.024614681057e-05,1.7203929557,1.6294370173,1.8119688900,0.4996082505,-0.3232482384,1.2364198795,-0.6475170668,-0.8178016737,0.4533301509
1628,3.353095911673e-05,7.954254800602e-05,1.7203773343,1.6293543437,1.8119850014,0.4995940919,-0.3232309368,1.2364575096,-0.6475239142,-0.8178064281,0.4533041480
1629,3.355169741937e-05,7.978652418617e-05,1.7203758823,1.6294347948,1.8119608522,0.4995969304,-0.3232713020,1.2364087684,-0.6475460184,-0.8178243876,0.4533290090
1630,3.330121742173e-05,7.965548429190e-05,1.7203761744,1.6294316998,1.8119548560,0.4995826712,-0.3232416902,1.2363802670,-0.6474900530,-0.8177211542,0.4533264508
1631,3.317470024722e-05,7.883744648429e-05,1.7203452522,1.6294155359,1.8119414081,0.4995530701,-0.3232421775,1.2363371551,-0.6474680464,-0.8176481553,0.4533191395
1632,3.316644158874e-05,7.946109663559e-05,1.7203777242,1.6294078109,1.8118539668,0.4995524792,-0.3232412307,1.2363540153,-0.6474523697,-0.8176216769,0.4533163959
1633,3.312300557617e-05,7.845638460258e-05,1.7203337426,1.6293840683,1.8118484788,0.4995205547,-0.3232474027,1.2363079627,-0.6474362643,-0.8175589160,0.4533066301
1634,3.311465698430e-05,7.842079002984e-05,1.7203771705,1.6294001374,1.8118619794,0.4994418187,-0.3232148779,1.2362957285,-0.6474210155,-0.8175636474,0.4533100553
1635,3.309290652609e-05,7.870577537561e-05,1.7204133820,1.6293784389,1.8118619962,0.4994775802,-0.3231690676,1.2362360808,-0.6474556342,-0.8175553071,0.4533062371
1636,3.285655878754e-05,7.851407239312e-05,1.7204222892,1.6293233324,1.8118931561,0.4994868719,-0.3231287443,1.2362830873,-0.6474293027,-0.8175234104,0.4532894940
1637,3.270624807961e-05,7.853830414672e-05,1.7204429136,1.6292619191,1.8118668328,0.4994872293,-0.3230947006,1.2363233344,-0.6474039969,-0.8174869891,0.4532704075
1638,3.254034693601e-05,7.768574104539e-05,1.7204157848,1.6292089469,1.8119184673,0.4994785196,-0.3230664465,1.2363261415,-0.6473831854,-0.8174402896,0.4532532072
1639,3.239149782075e-05,7.718397067680e-05,1.7204186022,1.6291422483,1.8119244872,0.4994815418,-0.3230214852,1.2363050350,-0.6473774150,-0.8173894434,0.4532329007
1640,3.226418746699e-05,7.658539830235e-05,1.7204255580,1.6291011309,1.8119410338,0.4994215037,-0.3229866453,1.2363181717,-0.6473421441,-0.8173503179,0.4532180219
1641,3.229400814431e-05,7.767754431343e-05,1.7204370861,1.6291297859,1.8119485809,0.4994570464,-0.3229589031,1.2363109640,-0.6472721765,-0.8173065778,0.4532277951
1642,3.227174464460e-05,7.647786920062e-05,1.7204491258,1.6290872200,1.8119488458,0.4994243291,-0.3230181542,1.2363039442,-0.6473265877,-0.8173549659,0.4532030819
1643,3.214830098475e-05,7.599550629189e-05,1.7204355592,1.6290314313,1.8119222024,0.4994057654,-0.3229410827,1.2362987155,-0.6473632638,-0.8173161955,0.4531986635
1644,3.213392852397e-05,7.586808437277e-05,1.7204690534,1.6290188185,1.8119504701,0.4994031339,-0.3229606331,1.2363299869,-0.6474024896,-0.8172556852,0.4532354438
1645,3.202546627779e-05,7.484206224617e-05,1.7204069857,1.6289777112,1.8119252284,0.4993906006,-0.3229886281,1.2363457339,-0.6473906302,-0.8172098804,0.4532156156
1646,3.209738870230e-05,7.414650510795e-05,1.7203899022,1.6289183017,1.8119272886,0.4993894346,-0.3229870559,1.2363437685,-0.6473632949,-0.8172341419,0.4532851201
1647,3.201802296499e-05,7.523237623464e-05,1.7204169206,1.6289655415,1.8119200372,0.4994091915,-0.3229826369,1.2363846569,-0.6473853606,-0.8172217081,0.4532028850
1648,3.194727563099e-05,7.462995477114e-05,1.7203850816,1.6289336284,1.8119585505,0.4993897056,-0.3229602170,1.2363936507,-0.6474004063,-0.8171873590,0.4531387361
1649,3.187241976588e-05,7.449295960160e-05,1.7203954947,1.6289208142,1.8119011078,0.4993349532,-0.3229532815,1.2364129128,-0.6474019863,-0.8171471421,0.4531014420
1650,3.179114297958e-05,7.442700598459e-05,1.7203776047,1.6288957948,1.8118553281,0.4993776210,-0.3229551723,1.2363975216,-0.6474448234,-0.8171065547,0.4530638276
1651,3.212684355924e-05,7.472041414180e-05,1.7203179476,1.6289227917,1.8118352969,0.4993598644,-0.3229401985,1.2364379619,-0.6475005437,-0.8171087665,0.4530689636
1652,3.184962728814e-05,7.406236715590e-05,1.7203838465,1.6288817897,1.8118575126,0.4993649666,-0.3229866911,1.2363949033,-0.6474654175,-0.8171304166,0.4530535228
1653,3.155354212148e-05,7.446429568092e-05,1.7204066063,1.6288811335,1.8118585067,0.4994019125,-0.3229762863,1.2363774323,-0.6473834693,-0.8170563463,0.4530290543
1654,3.157105753321e-05,7.515048012485e-05,1.7204583980,1.6288236742,1.8118516485,0.4994322094,-0.3229335253,1.2363978172,-0.6473608601,-0.8170609900,0.4530124914
1655,3.154821442153e-05,7.435219421359e-05,1.7204236958,1.6288748536,1.8118774087,0.4993981128,-0.3229829927,1.2363877282,-0.6474040689,-0.8170273870,0.4530486202
1656,3.146614302341e-05,7.353423553325e-05,1.7204169497,1.6288523707,1.8119063010,0.4993666054,-0.3229498432,1.2363124331,-0.6474038792,-0.8170036185,0.4530316403
1657,3.134997718329e-05,7.313227361805e-05,1.7204342671,1.6288457101,1.8119259180,0.4993550802,-0.3230077975,1.2362929957,-0.6473543493,-0.8169683686,0.4529903387
1658,3.123874834093e-05,7.341766472313e-05,1.7204114790,1.6288647979,1.8119156043,0.4993784009,-0.3229945006,1.2362749113,-0.6473212130,-0.8168880372,0.4529700625
1659,3.116922292901e-05,7.290134023630e-05,1.7204024476,1.6288390562,1.8118933156,0.4993985408,-0.3230317413,1.2362316205,-0.6473474982,-0.8168428545,0.4529214822
1660,3.109468259588e-05,7.261835603323e-05,1.7204119995,1.6288398350,1.8118557594,0.4993282410,-0.3230282535,1.2362334541,-0.6473299158,-0.8167943400,0.4528918628
1661,3.091191911625e-05,7.203189536442e-05,1.7203724877,1.6288305660,1.8119055541,0.4993125652,-0.3230229523,1.2362551361,-0.6473215918,-0.8167597959,0.4528296787
1662,3.078182317506e-05,7.169978531962e-05,1.7203894896,1.6287992223,1.8119587948,0.4993054229,-0.3230187821,1.2362762472,-0.6473246010,-0.8166890983,0.4528103743
1663,3.067810837820e-05,7.211425923614e-05,1.7204034109,1.6288396935,1.8119996235,0.4992994806,-0.3230073641,1.2362721574,-0.6473262105,-0.8166568324,0.4527377437
1664,3.056243088556e-05,7.138952767693e-05,1.7203588583,1.6288193613,1.8120396691,0.4992800545,-0.3230131164,1.2362749104,-0.6472963966,-0.8166069869,0.4526907700
1665,3.043402830882e-05,7.115185517492e-05,1.7203807395,1.6288154171,1.8120407932,0.4992317749,-0.3230119525,1.2362703866,-0.6472772157,-0.8165318506,0.4526570316
1666,3.030057735176e-05,7.074030912757e-05,1.7203875167,1.6287922091,1.8120538912,0.4992387409,-0.3230345855,1.2362446420,-0.6472910384,-0.8164597159,0.4526057883
1667,3.047558921054e-05,7.106321414108e-05,1.7203531857,1.6288625629,1.8120531011,0.4992240722,-0.3231458269,1.2363426509,-0.6473332776,-0.8163611538,0.4525924883
1668,3.039288079865e-05,7.052088050907e-05,1.7203699198,1.6288029087,1.8120652762,0.4992217275,-0.3230234817,1.2362237342,-0.6473180871,-0.8164518448,0.4526231886
1669,3.011745793235e-05,7.097483232466e-05,1.7204052282,1.6287469943,1.8120345312,0.4992560785,-0.3229898085,1.2362641099,-0.6472697976,-0.8164383312,0.4525451741
1670,3.010291548072e-05,7.050754488214e-05,1.7204448315,1.6286933500,1.8120551464,0.4992246274,-0.3230115955,1.2362642118,-0.6472584306,-0.8164601139,0.4524898449
1671,3.011539857017e-05,7.131576674346e-05,1.7204711329,1.6286884021,1.8120655047,0.4992693568,-0.3229955602,1.2362448013,-0.6471889956,-0.8164205082,0.4524775159
1672,3.014713863192e-05,7.063298378585e-05,1.7204581764,1.6286817649,1.8120842964,0.4992276814,-0.3229955422,1.2362875547,-0.6472698276,-0.8164510573,0.4525075689
1673,3.002718731066e-05,7.062143053949e-05,1.7204170461,1.6286866587,1.8120116750,0.4992028336,-0.3229516443,1.2362797286,-0.6472590538,-0.8164464563,0.4524369616
1674,3.002084755405e-05,7.046472544858e-05,1.7203905097,1.6286562208,1.8120140785,0.4992681096,-0.3229586111,1.2362593858,-0.6473072101,-0.8164437586,0.4524007132
1675,3.006990471593e-05,6.989662154477e-05,1.7203916649,1.6286281954,1.8120266221,0.4992186373,-0.3229697136,1.2362315955,-0.6472951687,-0.8164614538,0.4523282238
1676,2.999814575155e-05,6.988407821740e-05,1.7203616504,1.6286247715,1.8120114402,0.4992619619,-0.3229674915,1.2362628994,-0.6472920267,-0.8164371020,0.4524170616
1677,2.988986809305e-05,6.971598223393e-05,1.7204062483,1.6285837620,1.8119396975,0.4992558645,-0.3229731815,1.2362521456,-0.6473103180,-0.8164170837,0.4524332398
1678,2.978602055481e-05,6.996761104983e-05,1.7204142797,1.6285467756,1.8119173970,0.4992598054,-0.3229040157,1.2362771730,-0.6473086575,-0.8163656971,0.4524322259
1679,2.986886762540e-05,7.071653023627e-05,1.7204208623,1.6285156637,1.8118591902,0.4992885059,-0.3228785675,1.2363220368,-0.6472843922,-0.8164047313,0.4524301934
1680,2.981049021217e-05,6.986227985617e-05,1.7204123585,1.6285412941,1.8119200326,0.4992588274,-0.3228778640,1.2362451326,-0.6473093366,-0.8163873675,0.4524488931
1681,2.969868311953e-05,6.963215895039e-05,1.7203897059,1.6285591870,1.8118739475,0.4992414811,-0.3229022673,1.2362557540,-0.6473291099,-0.8162879867,0.4524421967
1682,2.978430633577e-05,6.912594006503e-05,1.7204090940,1.6285205224,1.8118926450,0.4992114767,-0.3229039994,1.2362793242,-0.6473912276,-0.8162503378,0.4524745185
1683,2.970194349738e-05,6.995813732458e-05,1.7203992302,1.6285685490,1.8118801599,0.4992733139,-0.3229071549,1.2362581112,-0.6473207832,-0.8162766833,0.4524744949
1684,2.951021059877e-05,6.939321532440e-05,1.7204212502,1.6285293643,1.8118785483,0.4992447500,-0.3229123889,1.2362144505,-0.6472772873,-0.8162397840,0.4524066130
1685,2.945743343286e-05,6.920888693851e-05,1.7204202337,1.6285195409,1.8118359893,0.4992439076,-0.3229101316,1.2361435019,-0.6472397055,-0.8162004512,0.4523970096
1686,2.942186602078e-05,7.020106632571e-05,1.7204662256,1.6285519081,1.8118329659,0.4992837395,-0.3228901058,1.2361285018,-0.6472792827,-0.8161858327,0.4523437620
1687,2.928503850430e-05,6.980250429056e-05,1.7204108065,1.6285310478,1.8118745706,0.4993223784,-0.3228803972,1.2361281725,-0.6472664451,-0.8161484817,0.4523035700
1688,2.917298867067e-05,6.924460685009e-05,1.7204323189,1.6284775034,1.8119135917,0.4993190347,-0.3228863657,1.2361247774,-0.6472697311,-0.8160807164,0.4522815177
1689,2.904592219966e-05,6.876735802497e-05,1.7203986424,1.6284510455,1.8119136984,0.4993417802,-0.3228727074,1.2360784871,-0.6472665399,-0.8160138298,0.4522526185
1690,2.897088848397e-05,6.919712421072e-05,1.7203969203,1.6284201764,1.8118855964,0.4993734886,-0.3228664858,1.2361099005,-0.6472206327,-0.8159713665,0.4522045260
1691,2.894029849981e-05,6.962307661229e-05,1.7204400893,1.6284120033,1.8118634472,0.4993915007,-0.3228522024,1.2360714114,-0.6472425150,-0.8159116620,0.4521654655
1692,2.888158219422e-05,6.993080060091e-05,1.7204318575,1.6284548021,1.8119057864,0.4993634834,-0.3228180458,1.2360704725,-0.6471964158,-0.8158668495,0.4521505635
1693,2.890231784619e-05,6.956496060906e-05,1.7204107003,1.6284645461,1.8119340531,0.4993741909,-0.3228925918,1.2360499234,-0.6471755697,-0.8158423021,0.4521114833
1694,2.875319808604e-05,6.939915070492e-05,1.7204230152,1.6284449423,1.8119009297,0.4993322323,-0.3228124601,1.2360678120,-0.6472041472,-0.8158810165,0.4521185382
1695,2.866834299664e-05,6.884938407037e-05,1.7204154743,1.6283950494,1.8119302265,0.4993212712,-0.3227706996,1.2360356374,-0.6471822655,-0.8159109692,0.4520703690
1696,2.851259507158e-05,6.805760935424e-05,1.7203667144,1.6283772129,1.8119312058,0.4992842414,-0.3227460777,1.2360663533,-0.6472245321,-0.8158839082,0.4520271986
1697,2.840576815538e-05,6.700914874402e-05,1.7203518172,1.6283406664,1.8118920296,0.4992119890,-0.3227504308,1.2360483177,-0.6471989002,-0.8158587037,0.4520343224
1698,2.834876882585e-05,6.618804714387e-05,1.7203108091,1.6282823383,1.8119062673,0.4991811929,-0.3227051255,1.2360426620,-0.6471950395,-0.8158332506,0.4520024204
1699,2.838622606333e-05,6.651662121471e-05,1.7202650100,1.6283233914,1.8118498931,0.4991773294,-0.3226814216,1.2360172277,-0.6471869919,-0.8158509230,0.4519644962
1700,2.831465163655e-05,6.652664216911e-05,1.7203209292,1.6282738444,1.8118905754,0.4991913758,-0.3227061527,1.2360753930,-0.6471705125,-0.8158315980,0.4519851338
1701,2.839852454400e-05,6.655876247652e-05,1.7203614298,1.6282758152,1.8118986563,0.4991206974,-0.3227088355,1.2361030696,-0.6471869319,-0.8158415929,0.4519387399
1702,2.826267357386e-05,6.690799722398e-05,1.7203428476,1.6282865044,1.8118811708,0.4991947324,-0.3226800504,1.2360713867,-0.6471755382,-0.8157996350,0.4519890473
1703,2.838325252119e-05,6.726399150980e-05,1.7203149876,1.6283175313,1.8118977904,0.4991662104,-0.3226407505,1.2361191894,-0.6471489454,-0.8158041324,0.4520401791
1704,2.831819963095e-05,6.699628950990e-05,1.7203519475,1.6282672499,1.8118596830,0.4991973629,-0.3226618964,1.2360771696,-0.6471960622,-0.8158239223,0.4520033193
1705,2.815444262233e-05,6.650461359370e-05,1.7203217046,1.6282682580,1.8118511943,0.4992089749,-0.3227175539,1.2360868285,-0.6471968108,-0.8157221132,0.4519856583
1706,2.802480650904e-05,6.640028467242e-05,1.7203458392,1.6282357801,1.8118390455,0.4992276405,-0.3227261581,1.2360452467,-0.6471421986,-0.8156671214,0.4519781060
1707,2.800679106701e-05,6.580189384375e-05,1.7203259764,1.6281722896,1.8117986041,0.4992444621,-0.3227606658,1.2360491184,-0.6471259064,-0.8156231955,0.4519940826
1708,2.802587949891e-05,6.573778904484e-05,1.7203546596,1.6281793341,1.8117944175,0.4992200098,-0.3227425222,1.2360043907,-0.6471637392,-0.8155548521,0.4520030444
1709,2.791733486845e-05,6.552381665104e-05,1.7203071329,1.6281501579,1.8118186340,0.4992488826,-0.3227335182,1.2360513799,-0.6471315013,-0.8156163528,0.4519737322
1710,2.788561831391e-05,6.623896010716e-05,1.7203115548,1.6281492481,1.8118498682,0.4993230812,-0.3227252884,1.2360581992,-0.6471242796,-0.8155842232,0.4519257747
1711,2.786936220045e-05,6.645515955006e-05,1.7202831768,1.6281645258,1.8118737180,0.4993077696,-0.3226851926,1.2360895401,-0.6470676527,-0.8155439118,0.4519529129
1712,2.777280063493e-05,6.561203057642e-05,1.7202282489,1.6281091940,1.8118637396,0.4993180282,-0.3226835913,1.2361276654,-0.6471073761,-0.8155180188,0.4519563795
1713,2.771334172497e-05,6.489457929515e-05,1.7202181277,1.6280241061,1.8118632908,0.4993230926,-0.3226594149,1.2360968432,-0.6470751197,-0.8155192066,0.4519489381
1714,2.772086205882e-05,6.499356986944e-05,1.7201986357,1.6279768159,1.8118534834,0.4993883363,-0.3226765241,1.2361208284,-0.6470640561,-0.8154741489,0.4519457506
1715,2.775140241790e-05,6.482598246182e-05,1.7202444058,1.6280075991,1.8118899749,0.4993097137,-0.3226736776,1.2361174149,-0.6470770273,-0.8155157448,0.4519508635
1716,2.757729824615e-05,6.461339206576e-05,1.7201944515,1.6280193949,1.8118332533,0.4992836311,-0.3226574841,1.2361118262,-0.6470621703,-0.8155027076,0.4518696308
1717,2.753602597361e-05,6.348015929214e-05,1.7201286558,1.6280201225,1.8118768865,0.4992663515,-0.3226956920,1.2360735582,-0.6470609989,-0.8154945026,0.4518478368
1718,2.759644419453e-05,6.344484677812e-05,1.7200794046,1.6280040601,1.8118730364,0.4992536467,-0.3226376839,1.2360821638,-0.6470825380,-0.8155038494,0.4517917138
1719,2.760505394583e-05,6.358991980804e-05,1.7201156249,1.6280184376,1.8118749677,0.4992723054,-0.3227073934,1.2360949203,-0.6470424592,-0.8155312511,0.4518487243
1720,2.752893104363e-05,6.272339786284e-05,1.7201132627,1.6280023884,1.8118181909,0.4992117714,-0.3227201532,1.2360543273,-0.6470585699,-0.8154551735,0.4518702765
1721,2.739737740326e-05,6.311134423354e-05,1.7201220925,1.6280331925,1.8118316508,0.4992065715,-0.3226961368,1.2360367696,-0.6469821082,-0.8154124164,0.4518559475
1722,2.733475727851e-05,6.274082931423e-05,1.7201616329,1.6280048166,1.8118829905,0.4991613592,-0.3227111926,1.2360644704,-0.6469707126,-0.8153762379,0.4518331730
1723,2.726329733799e-05,6.281566581012e-05,1.7201612922,1.6279950687,1.8118463769,0.4991157403,-0.3226924858,1.2360946640,-0.6469010960,-0.8153624934,0.4518195259
1724,2.723051968778e-05,6.212572373743e-05,1.7201269539,1.6279923981,1.8118850123,0.4990790505,-0.3226896883,1.2360636731,-0.6468451629,-0.8153221771,0.4518354239
1725,2.715631238420e-05,6.237391037311e-05,1.7201071738,1.6280220175,1.8118714277,0.4990979628,-0.3227340676,1.2360892967,-0.6468313125,-0.8152657720,0.4517886291
1726,2.708950266217e-05,6.252762713255e-05,1.7201505307,1.6280190954,1.8118537976,0.4990921917,-0.3227515237,1.2360387984,-0.6467953704,-0.8152526369,0.4517299064
1727,2.709550399005e-05,6.162734209547e-05,1.7201430034,1.6279866755,1.8118088214,0.4990394687,-0.3228016368,1.2360292683,-0.6468080232,-0.8152169616,0.4517225076
1728,2.708788701589e-05,6.255043045067e-05,1.7201503282,1.6280555831,1.8118577845,0.4990636380,-0.3227558316,1.2360374768,-0.6468034692,-0.8152672486,0.4517237422
1729,2.709787377903e-05,6.359413568158e-05,1.7202001992,1.6280932535,1.8118475076,0.4990621454,-0.3227305819,1.2360478345,-0.6467774051,-0.8151999311,0.4517182485
1730,2.720426526348e-05,6.278316821540e-05,1.7201667690,1.6280623369,1.8118578455,0.4990708172,-0.3227870305,1.2360421383,-0.6467842834,-0.8152773753,0.4517495645
1731,2.691383946751e-05,6.225273021443e-05,1.7201164873,1.6280396665,1.8118710127,0.4990506096,-0.3227181616,1.2360449320,-0.6468025127,-0.8152590724,0.4516418010
1732,2.684414377491e-05,6.233752882034e-05,1.7200620288,1.6280616737,1.8118181455,0.4990673695,-0.3226807394,1.2360070883,-0.6467938737,-0.8152553465,0.4516182840
1733,2.671516966446e-05,6.225408227178e-05,1.7200388305,1.6280294219,1.8118282594,0.4990731914,-0.3226428088,1.2360187828,-0.6467787766,-0.8152297868,0.4515419376
1734,2.672385119340e-05,6.226272513699e-05,1.7199988455,1.6280390263,1.8118350237,0.4990597233,-0.3226426611,1.2360257196,-0.6467435989,-0.8152516095,0.4514624394
1735,2.669811341327e-05,6.185291954508e-05,1.7200205704,1.6280303838,1.8118578699,0.4990647697,-0.3226458981,1.2359948291,-0.6467659553,-0.8152116176,0.4515537743
1736,2.668620112661e-05,6.175766791361e-05,1.7200201005,1.6280364957,1.8118792599,0.4990872562,-0.3226413898,1.2359582586,-0.6468391433,-0.8151872249,0.4515126643
1737,2.672147427824e-05,6.147804767254e-05,1.7200356622,1.6280015988,1.8118802354,0.4990382091,-0.3225725240,1.2359253665,-0.6468438174,-0.8152040721,0.4515108225
1738,2.672011733490e-05,6.222732739558e-05,1.7200218680,1.6280523975,1.8119019138,0.4991131611,-0.3226162442,1.2359651026,-0.6468345579,-0.8152051569,0.4515188308
1739,2.685291942522e-05,6.166800265517e-05,1.7199619932,1.6280361100,1.8118781850,0.4990638573,-0.3226195543,1.2360132859,-0.6468715950,-0.8151514311,0.4515280144
1740,2.672617365468e-05,6.136906817245e-05,1.7199989595,1.6280034337,1.8118816666,0.4991013490,-0.3226513041,1.2359541540,-0.6468468985,-0.8152102813,0.4515196414
1741,2.651203230347e-05,6.200689326274e-05,1.7200519581,1.6280142486,1.8118575371,0.4991277417,-0.3226426826,1.2359280891,-0.6467938961,-0.8151330667,0.4514905982
1742,2.649073303240e-05,6.176007630820e-05,1.7200445472,1.6280336856,1.8118788797,0.4991214690,-0.3226722289,1.2358614048,-0.6467421752,-0.8151048395,0.4514738403
1743,2.652017086391e-05,6.223367967428e-05,1.7200529923,1.6279834119,1.8118705076,0.4991794236,-0.3226345143,1.2358550812,-0.6466950028,-0.8150882828,0.4514771061
1744,2.648982216352e-05,6.191116557419e-05,1.7200260008,1.6280514472,1.8118457081,0.4991334261,-0.3226602523,1.2358428839,-0.6467500723,-0.8151116857,0.4514725995
1745,2.645952643665e-05,6.243672022621e-05,1.7200861101,1.6280564880,1.8118234737,0.4991495025,-0.3226850580,1.2358319606,-0.6467762375,-0.8151011722,0.4514087337
1746,2.638118102738e-05,6.240071349417e-05,1.7200668108,1.6280682548,1.8118029934,0.4991332519,-0.3226858996,1.2358587881,-0.6467850772,-0.8150124609,0.4513970159
1747,2.635569017617e-05,6.217193281632e-05,1.7200447143,1.6280983922,1.8118224716,0.4991144340,-0.3227117777,1.2358154862,-0.6467616925,-0.8149572462,0.4513554259
1748,2.665557165887e-05,6.285415010043e-05,1.7200897690,1.6281212755,1.8117820907,0.4990974822,-0.3227462464,1.2358049720,-0.6467414843,-0.8149226446,0.4514066526
1749,2.641112441171e-05,6.213921103615e-05,1.7200474312,1.6280949286,1.8118373518,0.4991305015,-0.3227063667,1.2357922770,-0.6467921365,-0.8149434345,0.4513731879
1750,2.624199549411e-05,6.240198095953e-05,1.7199955731,1.6281038618,1.8117749667,0.4991490324,-0.3226677727,1.2358097415,-0.6467601068,-0.8149630989,0.4513096520
1751,2.606634022384e-05,6.245884468947e-05,1.7200183838,1.6280678969,1.8117951551,0.4991677978,-0.3226594119,1.2358444883,-0.6467668748,-0.8149510836,0.4512324570
1752,2.598962898337e-05,6.306503659048e-05,1.7200375044,1.6280523733,1.8117576898,0.4991877470,-0.3226496678,1.2358771686,-0.6467476708,-0.8149287500,0.4511578830
1753,2.596462134968e-05,6.275414775658e-05,1.7200100103,1.6280563230,1.8118023743,0.4991845417,-0.3226554121,1.2358456047,-0.6467210599,-0.8149558001,0.4510889456
1754,2.591341800656e-05,6.281701213895e-05,1.7200159203,1.6280347646,1.8118198505,0.4992363216,-0.3226297954,1.2358162839,-0.6467758453,-0.8149204678,0.4510615963
1755,2.588615501503e-05,6.353943113346e-05,1.7200240637,1.6280315029,1.8117679504,0.4992674845,-0.3226145882,1.2358224581,-0.6467589707,-0.8148907474,0.4509921637
1756,2.581205556940e-05,6.328997512417e-05,1.7200525075,1.6280239869,1.8118087593,0.4992405011,-0.3226483279,1.2358420967,-0.6467607159,-0.8148238398,0.4509650109
1757,2.573170321724e-05,6.211952151702e-05,1.7200076946,1.6279662189,1.8117870392,0.4992430802,-0.3227089220,1.2358469596,-0.6467816764,-0.8148258583,0.4509588847
1758,2.582753595631e-05,6.280183704721e-05,1.7199782179,1.6280058390,1.8118105516,0.4992950281,-0.3227359206,1.2359052746,-0.6467932626,-0.8148241910,0.4509522994
1759,2.573481043133e-05,6.211407864731e-05,1.7200149728,1.6279867137,1.8117755328,0.4992241747,-0.3227172364,1.2358464518,-0.6468145667,-0.8148383218,0.4509436966
1760,2.564721043391e-05,6.136935661438e-05,1.7199726290,1.6279191339,1.8117948576,0.4991969494,-0.3226612860,1.2358778536,-0.6468015760,-0.8148094363,0.4509370916
1761,2.574085166968e-05,6.113041660005e-05,1.7200186169,1.6278406146,1.8118067563,0.4991857395,-0.3226683420,1.2358875823,-0.6468125584,-0.8148257223,0.4509067220
1762,2.567760835481e-05,6.122290639288e-05,1.7199562037,1.6279238316,1.8118189365,0.4991932949,-0.3226651983,1.2358580049,-0.6467884050,-0.8148252413,0.4509091194
1763,2.549905219357e-05,6.051214322789e-05,1.7199342922,1.6279132711,1.8117661286,0.4991663521,-0.3226635759,1.2358431607,-0.6468155943,-0.8147378506,0.4509513918
1764,2.553243816716e-05,6.031584859634e-05,1.7198749493,1.6279217733,1.8117601042,0.4991702685,-0.3226722197,1.2358758477,-0.6468447572,-0.8146719479,0.4509555973
1765,2.545961525280e-05,6.080574741996e-05,1.7199368449,1.6279174691,1.8117348599,0.4991681876,-0.3226627750,1.2358542907,-0.6467920707,-0.8147322780,0.4509233594
1766,2.550175356580e-05,6.030428105908e-05,1.7199267254,1.6279216626,1.8117214494,0.4990936298,-0.3226901693,1.2358721894,-0.6467489450,-0.8147403393,0.4509572073
1767,2.550220280323e-05,6.056820919442e-05,1.7199106576,1.6279002947,1.8117120246,0.4991792083,-0.3226710847,1.2358486028,-0.6467986708,-0.8147580898,0.4509314305
1768,2.540398935863e-05,6.117544194162e-05,1.7199481607,1.6279333026,1.8117011961,0.4991519688,-0.3225844089,1.2358165878,-0.6467856035,-0.8147074261,0.4509250174
1769,2.529991686434e-05,6.047505047790e-05,1.7199494903,1.6279184287,1.8117041273,0.4991396495,-0.3226198017,1.2357432842,-0.6467730916,-0.8146708454,0.4508863407
1770,2.539907901139e-05,5.974746795812e-05,1.7199207892,1.6279000731,1.8116881934,0.4991072430,-0.3225973389,1.2356720742,-0.6467851917,-0.8146780902,0.4509283039
1771,2.524953713651e-05,6.042503711012e-05,1.7199419180,1.6278989859,1.8117154185,0.4991594211,-0.3226118222,1.2357440608,-0.6467393124,-0.8146595534,0.4509009493
1772,2.514200850123e-05,6.078859242797e-05,1.7199236991,1.6279011520,1.8116791490,0.4991762573,-0.3226039968,1.2357512853,-0.6466858608,-0.8146147218,0.4508454148
1773,2.508112537281e-05,6.067224092887e-05,1.7199769714,1.6278309855,1.8116637909,0.4991727484,-0.3226012029,1.2357665788,-0.6466887172,-0.8145754906,0.4508312161
1774,2.499106971948e-05,6.015865658904e-05,1.7199526779,1.6277890420,1.8116282082,0.4991656033,-0.3225732337,1.2357176918,-0.6466486185,-0.8145360920,0.4508322230
1775,2.491153178868e-05,6.038575842926e-05,1.7199499944,1.6277995591,1.8115712189,0.4991504568,-0.3225714291,1.2357148732,-0.6466417006,-0.8144992226,0.4507616073
1776,2.484023618649e-05,6.063347168861e-05,1.7199752299,1.6278253081,1.8116032160,0.4991187219,-0.3225443116,1.2357068760,-0.6466057240,-0.8144322299,0.4507522483
1777,2.514839956586e-05,6.185144094728e-05,1.7200144681,1.6278499634,1.8115601633,0.4991603015,-0.3225710955,1.2356818279,-0.6465789489,-0.8143906655,0.4507741752
1778,2.487513970389e-05,6.090206003884e-05,1.7199996721,1.6278268777,1.8115994708,0.4991108618,-0.3225353730,1.2356974202,-0.6465810512,-0.8144632515,0.4507430878
1779,2.463285000387e-05,5.977532221801e-05,1.7199341105,1.6277845403,1.8116499587,0.4991088824,-0.3225173029,1.2357095233,-0.6466079609,-0.8144223506,0.4506928647
1780,2.463847786960e-05,6.040234411109e-05,1.7199231408,1.6277851595,1.8116332008,0.4991169745,-0.3224292681,1.2357489643,-0.6466225188,-0.8144193227,0.4506953470
1781,2.464141691966e-05,5.984108322610e-05,1.7199208710,1.6277800625,1.8116464891,0.4991090658,-0.3225292204,1.2357425758,-0.6465757370,-0.8144218178,0.4506972728
1782,2.458853068643e-05,5.859063839520e-05,1.7199056062,1.6277558422,1.8116555280,0.4990205371,-0.3225164394,1.2357105410,-0.6466274769,-0.8144147388,0.4506835149
1783,2.445660384703e-05,5.802353843942e-05,1.7198739234,1.6277186848,1.8116935019,0.4990332330,-0.3225076646,1.2356924360,-0.6466232772,-0.8143724465,0.4506218605
1784,2.438938596266e-05,5.751083499961e-05,1.7198262107,1.6276803572,1.8116999497,0.4990054504,-0.3224911523,1.2357290383,-0.6465952967,-0.8143270311,0.4505905045
1785,2.439459889969e-05,5.757642959170e-05,1.7198475702,1.6276569431,1.8117172095,0.4989844017,-0.3224618352,1.2357090471,-0.6465467319,-0.8143675385,0.4505357682
1786,2.434051932837e-05,5.751094955564e-05,1.7198631122,1.6276532610,1.8116981154,0.4990063296,-0.3224948902,1.2357399056,-0.6466015988,-0.8143121325,0.4505929904
1787,2.418834232032e-05,5.746939342666e-05,1.7198948053,1.6276633955,1.8117270596,0.4989941715,-0.3224861635,1.2357138271,-0.6465913181,-0.8142292075,0.4505799994
1788,2.408763148987e-05,5.757003956397e-05,1.7199137616,1.6276605457,1.8116844386,0.4989958394,-0.3225013274,1.2356997949,-0.6466090602,-0.8141731384,0.4505173269
1789,2.400777565142e-05,5.697397104365e-05,1.7199080653,1.6276072563,1.8116621529,0.4990075644,-0.3224901898,1.2356397888,-0.6465913170,-0.8141288642,0.4505395497
1790,2.389275492481e-05,5.660330186630e-05,1.7199293696,1.6275731146,1.8116990618,0.4990106014,-0.3224919621,1.2356233852,-0.6466082395,-0.8140533433,0.4505122187
1791,2.382132304701e-05,5.652438463899e-05,1.7199436460,1.6275571608,1.8116807995,0.4989674325,-0.3224779118,1.2356453541,-0.6465769558,-0.8139779493,0.4505109416
1792,2.387485187494e-05,5.635754823374e-05,1.7198725595,1.6275905669,1.8116897967,0.4989740063,-0.3224800491,1.2356262316,-0.6465834549,-0.8139211825,0.4505024785
1793,2.386368776719e-05,5.621196139360e-05,1.7199417521,1.6275541024,1.8116869075,0.4989531614,-0.3225225277,1.2356379377,-0.6465630608,-0.8139801934,0.4505124887
1794,2.389486787202e-05,5.626048227825e-05,1.7199765045,1.6275596337,1.8116749647,0.4989098697,-0.3224526060,1.2356023551,-0.6466311431,-0.8139684275,0.4505180447
1795,2.391935048640e-05,5.680166870037e-05,1.7199540365,1.6275648195,1.8116694271,0.4989836227,-0.3224936341,1.2356579153,-0.6465970847,-0.8139636429,0.4505413900
1796,2.372844344417e-05,5.715731332179e-05,1.7199802414,1.6275504565,1.8116939043,0.4989955979,-0.3224414310,1.2356251730,-0.6465204696,-0.8139660683,0.4504601397
1797,2.359100211941e-05,5.651256385031e-05,1.7199570187,1.6274733048,1.8116880271,0.4989953055,-0.3224205872,1.2356504056,-0.6465230755,-0.8139687747,0.4504112681
1798,2.354960036721e-05,5.634232853369e-05,1.7199659245,1.6274155948,1.8116989430,0.4990171728,-0.3224172864,1.2356270235,-0.6465031182,-0.8139522984,0.4503422353
1799,2.359706408644e-05,5.600330178090e-05,1.7199543738,1.6273788317,1.8117692213,0.4990058639,-0.3223795703,1.2356380612,-0.6464750391,-0.8139550262,0.4503755208
1800,2.353822456147e-05,5.616040858059e-05,1.7199574083,1.6273993480,1.8116716534,0.4990182039,-0.3224114681,1.2356041799,-0.6464844565,-0.8139497228,0.4503647555
1801,2.348329989227e-05,5.647161448608e-05,1.7199553650,1.6274027171,1.8116279566,0.4989759196,-0.3223856949,1.2356493903,-0.6464381278,-0.8139416494,0.4503277780
1802,2.358405935965e-05,5.731911450446e-05,1.7199849775,1.6273720202,1.8115952147,0.4990258498,-0.3223727756,1.2357035725,-0.6464505180,-0.8139079901,0.4503428334
1803,2.345188190933e-05,5.635590025055e-05,1.7199729544,1.6274020609,1.8116370547,0.4989634589,-0.3224024493,1.2356391279,-0.6464281774,-0.8139033580,0.4503268458
1804,2.346349085786e-05,5.648203930986e-05,1.7199829989,1.6274049799,1.8116338833,0.4989588894,-0.3224073331,1.2355848162,-0.6463809206,-0.8139025764,0.4502586386
1805,2.353624148005e-05,5.636888727589e-05,1.7199654102,1.6273960494,1.8116403032,0.4989724217,-0.3224398044,1.2356543316,-0.6464054753,-0.8139159220,0.4503308795
1806,2.339596589873e-05,5.555621119158e-05,1.7200085186,1.6273608156,1.8116207352,0.4988946292,-0.3224077521,1.2356253915,-0.6464662717,-0.8139220198,0.4503231150
1807,2.327259109697e-05,5.460358816489e-05,1.7199408067,1.6273539266,1.8116108592,0.4988599003,-0.3224014424,1.2356138671,-0.6465022402,-0.8138750267,0.4503033841
1808,2.337992185536e-05,5.392333100762e-05,1.7198977990,1.6273225181,1.8115832466,0.4988125357,-0.3224024963,1.2355937879,-0.6465276073,-0.8139102597,0.4502601540
1809,2.331946194645e-05,5.490203752123e-05,1.7199473373,1.6273847937,1.8115803916,0.4988622756,-0.3224202141,1.2356089624,-0.6465161451,-0.8138754209,0.4503025356
1810,2.325004087467e-05,5.457276908305e-05,1.7199407798,1.6273851632,1.8116380070,0.4988121975,-0.3223481115,1.2356024038,-0.6464953589,-0.8138314073,0.4503363404
1811,2.317760145132e-05,5.403103050472e-05,1.7199682014,1.6273402011,1.8116566099,0.4988175794,-0.3223783570,1.2355765580,-0.6465141884,-0.8137613252,0.4503347286
1812,2.328659198580e-05,5.417790541729e-05,1.7200114093,1.6273724314,1.8116396223,0.4987682610,-0.3223784236,1.2355339645,-0.6465356136,-0.8137184900,0.4503510169
1813,2.323143126881e-05,5.372696615313e-05,1.7199554650,1.6273459997,1.8116723450,0.4987992293,-0.3224133745,1.2355754710,-0.6464979902,-0.8137662204,0.4503490845
1814,2.312468033733e-05,5.423456190257e-05,1.7199516101,1.6273153726,1.8116301729,0.4988286676,-0.3223628628,1.2356463798,-0.6465030348,-0.8137064141,0.4503403518
1815,2.305652862511e-05,5.339172908980e-05,1.7199165928,1.6272424350,1.8116377904,0.4988118544,-0.3223318141,1.2356386739,-0.6465220485,-0.8137063132,0.4502987796
1816,2.313437501389e-05,5.296997543625e-05,1.7198666096,1.6272143865,1.8116233433,0.4987620333,-0.3223301606,1.2356907555,-0.6465026625,-0.8136762073,0.4503039457
1817,2.305961983451e-05,5.356520985400e-05,1.7199288251,1.6272567104,1.8116598455,0.4988015114,-0.3223370828,1.2356609462,-0.6465336682,-0.8137048699,0.4502689089
1818,2.312194808546e-05,5.340717576119e-05,1.7198828157,1.6272408867,1.8116774349,0.4988639440,-0.3223121484,1.2356419530,-0.6465805362,-0.8136892895,0.4503203106
1819,2.313454441077e-05,5.335784196658e-05,1.7199370093,1.6272324142,1.8116285418,0.4987917814,-0.3223303013,1.2356462477,-0.6465522949,-0.8137166085,0.4503191218
1820,2.288873042472e-05,5.365259359891e-05,1.7199364148,1.6272478918,1.8116165789,0.4988230372,-0.3222945996,1.2355928452,-0.6465023939,-0.8136570342,0.4502467949
1821,2.279826545515e-05,5.406474504555e-05,1.7199770880,1.6272087572,1.8116391700,0.4988611680,-0.3222659171,1.2355910710,-0.6464441985,-0.8136514126,0.4502221836
1822,2.270333135584e-05,5.463687594576e-05,1.7200115029,1.6272257210,1.8116347301,0.4988648421,-0.3222284625,1.2355759470,-0.6464402261,-0.8135912541,0.4501653660
1823,2.259072079008e-05,5.438178535122e-05,1.7199645800,1.6272115806,1.8116161511,0.4988577210,-0.3222163478,1.2355704477,-0.6463748950,-0.8135515547,0.4501309975
1824,2.250432521772e-05,5.415752453952e-05,1.7199829972,1.6271584493,1.8115707988,0.4988289344,-0.3221767834,1.2355489217,-0.6463454061,-0.8135220085,0.4501175405
1825,2.241692144761e-05,5.407367046295e-05,1.7199503909,1.6271269030,1.8115730776,0.4988745686,-0.3221300338,1.2355140824,-0.6463363049,-0.8134761819,0.4501010556
1826,2.231832974081e-05,5.373097081229e-05,1.7199338029,1.6270803612,1.8115976277,0.4988581619,-0.3221013440,1.2355377991,-0.6463240450,-0.8134506960,0.4500339632
1827,2.233505356425e-05,5.435747690563e-05,1.7199363909,1.6270639190,1.8115803288,0.4988783554,-0.3220773793,1.2355984633,-0.6462973301,-0.8133871180,0.4500363366
1828,2.228873061250e-05,5.344600157964e-05,1.7199350723,1.6270830473,1.8116289192,0.4988354841,-0.3220937225,1.2355299691,-0.6463162552,-0.8134338741,0.4500570863
1829,2.219172761908e-05,5.270739444119e-05,1.7199424431,1.6270476303,1.8116524688,0.4988267155,-0.3221351661,1.2354794734,-0.6462917015,-0.8133889979,0.4500227980
1830,2.212590985939e-05,5.250996030615e-05,1.7199351352,1.6270411063,1.8116797441,0.4988030864,-0.3220965362,1.2354297089,-0.6462423143,-0.8133759292,0.4499778192
1831,2.192231808951e-05,5.148059745341e-05,1.7198865615,1.6270432092,1.8116622631,0.4987537507,-0.3220950096,1.2354057840,-0.6462840618,-0.8133286944,0.4499591687
1832,2.190354037712e-05,5.025540586712e-05,1.7198200268,1.6269975141,1.8116595189,0.4987097072,-0.3220988944,1.2353807525,-0.6462991405,-0.8133029219,0.4499570499
1833,2.188302265016e-05,5.035031071110e-05,1.7198600882,1.6270018822,1.8116698005,0.4986947377,-0.3220723499,1.2353553619,-0.6463617282,-0.8132599978,0.4499264357
1834,2.191535853802e-05,5.051689448310e-05,1.7198135963,1.6270572169,1.8117143239,0.4987158555,-0.3220959060,1.2353633031,-0.6463697495,-0.8132356268,0.4498936939
1835,2.191072449476e-05,5.028891324055e-05,1.7198688722,1.6269971156,1.8116793620,0.4986652077,-0.3220828094,1.2353827748,-0.6463608609,-0.8132713982,0.4499053385
1836,2.192369536286e-05,5.052744177969e-05,1.7198710920,1.6270496579,1.8116179790,0.4986519907,-0.3220938626,1.2353261655,-0.6463354358,-0.8132285140,0.4499357026
1837,2.195496697194e-05,5.021220570200e-05,1.7198604181,1.6270108048,1.8116790296,0.4986861287,-0.3220844754,1.2353272699,-0.6463750516,-0.8132938316,0.4499280349
1838,2.173840764513e-05,5.050858125255e-05,1.7198598051,1.6269809761,1.8116827091,0.4987044048,-0.3220068098,1.2353370250,-0.6463060762,-0.8132380755,0.4498933707
1839,2.162369346498e-05,5.020698382252e-05,1.7198882116,1.6269289782,1.8117052508,0.4987337885,-0.3220371804,1.2353175721,-0.6462692834,-0.8131895951,0.4498827451
1840,2.167371421202e-05,5.014475648346e-05,1.7198998533,1.6269298016,1.8117637216,0.4987089803,-0.3220101289,1.2353235375,-0.6462503040,-0.8131588582,0.4499440408
1841,2.160384191252e-05,4.958076634354e-05,1.7198537173,1.6269054077,1.8117021343,0.4987128152,-0.3220394258,1.2353075011,-0.6462783904,-0.8131788717,0.4498835111
1842,2.147737415292e-05,4.964205465552e-05,1.7198448493,1.6268539306,1.8116743910,0.4987524524,-0.3220065717,1.2353084586,-0.6462550952,-0.8131348085,0.4498465497
1843,2.142240350334e-05,4.948813991867e-05,1.7198336803,1.6268351651,1.8116863317,0.4987385440,-0.3219996798,1.2352836265,-0.6461895087,-0.8131328602,0.4497816069
1844,2.143859674719e-05,4.929754699678e-05,1.7198408175,1.6267837068,1.8116871883,0.4987816758,-0.3219793606,1.2352146900,-0.6462010437,-0.8131385046,0.4497711191
1845,2.150170662246e-05,4.949415439248e-05,1.7198372081,1.6268117177,1.8117102401,0.4987389156,-0.3219963569,1.2353088562,-0.6462032353,-0.8131516964,0.4497683696
1846,2.130237745346e-05,4.938165625812e-05,1.7198718167,1.6268212497,1.8116280986,0.4987030394,-0.3220096096,1.2352745858,-0.6461793291,-0.8130763374,0.4497667233
1847,2.119888980506e-05,4.945313247717e-05,1.7198505025,1.6268534043,1.8116258655,0.4987255986,-0.3220294471,1.2352629365,-0.6461851730,-0.8129976353,0.4497315029
1848,2.126080574838e-05,4.959303772789e-05,1.7198260740,1.6268432134,1.8115729610,0.4987497038,-0.3220636216,1.2352660775,-0.6461297608,-0.8129594290,0.4497460440
1849,2.119188320210e-05,4.953223635917e-05,1.7198400412,1.6268629173,1.8115961293,0.4987308211,-0.3220354590,1.2352640323,-0.6462004211,-0.8130202211,0.4497068334
1850,2.112807959959e-05,4.993018758359e-05,1.7198298750,1.6268942529,1.8115727821,0.4987080810,-0.3219542759,1.2352539335,-0.6462026567,-0.8129891144,0.4496931504
1851,2.106664786589e-05,4.983515165258e-05,1.7198741126,1.6268612468,1.8115528218,0.4986964929,-0.3219482847,1.2352516230,-0.6462573968,-0.8129398302,0.4496622590
1852,2.101396788334e-05,4.949154010514e-05,1.7198904726,1.6268845810,1.8115650961,0.4986419947,-0.3219657327,1.2351976786,-0.6462415052,-0.8129286650,0.4496125043
1853,2.093692053912e-05,4.947872223182e-05,1.7198734141,1.6268771310,1.8115959838,0.4986248240,-0.3219527261,1.2352542268,-0.6462320008,-0.8129095063,0.4495448260
1854,2.080658482345e-05,4.946711642673e-05,1.7198627916,1.6268717327,1.8115564607,0.4986091264,-0.3219505486,1.2352633838,-0.6462014528,-0.8128429700,0.4494938291
1855,2.088947885254e-05,5.207523540529e-05,1.7199830689,1.6269402961,1.8115297257,0.4986761332,-0.3219273021,1.2352952187,-0.6461310033,-0.8127984305,0.4494094076
1856,2.086439393029e-05,4.961703027817e-05,1.7198703119,1.6268966359,1.8115480127,0.4985846685,-0.3219649565,1.2352880228,-0.6462090476,-0.8128377514,0.4495097707
1857,2.072306568573e-05,4.878283460719e-05,1.7198091908,1.6268303857,1.8115508570,0.4986050288,-0.3219352140,1.2352334476,-0.6462008073,-0.8127982720,0.4494465053
1858,2.070353276479e-05,4.850107602650e-05,1.7198276033,1.6267702121,1.8115194772,0.4985609950,-0.3219083758,1.2352409603,-0.6461635431,-0.8128279163,0.4494380016
1859,2.072427873923e-05,4.804376838075e-05,1.7197852328,1.6267434434,1.8115175839,0.4985274512,-0.3218850285,1.2352285544,-0.6461790541,-0.8127815073,0.4493808525
1860,2.076086578101e-05,4.862919905224e-05,1.7198184181,1.6267761802,1.8114927692,0.4985685829,-0.3219230478,1.2352431274,-0.6461782893,-0.8128534738,0.4494152307
1861,2.061373248069e-05,4.780903119495e-05,1.7198360180,1.6267210209,1.8115439466,0.4985698528,-0.3219829863,1.2352454290,-0.6461378598,-0.8128039345,0.4494347215
1862,2.058832163454e-05,4.768517057741e-05,1.7197817591,1.6267401582,1.8115569488,0.4985710239,-0.3219894958,1.2352429160,-0.6460579244,-0.8128095783,0.4494417286
1863,2.048114960368e-05,4.692276327967e-05,1.7197667406,1.6266950011,1.8115961671,0.4985438697,-0.3219890557,1.2352340624,-0.6460399676,-0.8127398221,0.4494278394
1864,2.042047819983e-05,4.613013439636e-05,1.7197281772,1.6266480350,1.8116020650,0.4985266221,-0.3220249093,1.2352277810,-0.6460297643,-0.8126991637,0.4493740563
1865,2.038297440399e-05,4.620849831194e-05,1.7197018061,1.6266049268,1.8115843706,0.4985729528,-0.3220079372,1.2352803184,-0.6460262874,-0.8126652145,0.4494018729
1866,2.036199688699e-05,4.583918664158e-05,1.7197046254,1.6265833308,1.8115445795,0.4985777628,-0.3220222734,1.2352192530,-0.6460069275,-0.8126173706,0.4494382163
1867,2.036404558758e-05,4.533720118083e-05,1.7196978556,1.6265202407,1.8116089133,0.4986042885,-0.3220135034,1.2351909152,-0.6459916947,-0.8126152622,0.4494420821
1868,2.045358199299e-05,4.545010497436e-05,1.7196802029,1.6265756856,1.8115488410,0.4985549771,-0.3220325624,1.2352198500,-0.6460259815,-0.8126284732,0.4494649596
1869,2.028921250785e-05,4.640291528768e-05,1.7197519538,1.6265865636,1.8115497830,0.4985839722,-0.3220259173,1.2352474305,-0.6459563379,-0.8125594304,0.4494072274
1870,2.027116077646e-05,4.662136802003e-05,1.7197384234,1.6265679104,1.8115112331,0.4986287007,-0.3220500095,1.2352388761,-0.6459422962,-0.8125603804,0.4493355995
1871,2.030719439161e-05,4.689164535698e-05,1.7197634830,1.6265435364,1.8115562500,0.4986278059,-0.3220608610,1.2352844238,-0.6459002559,-0.8125193160,0.4493023642
1872,2.026158064344e-05,4.654971900320e-05,1.7197465695,1.6265436060,1.8114932028,0.4986061222,-0.3220288524,1.2352420892,-0.6459267342,-0.8125775060,0.4493317725
1873,2.008067330417e-05,4.667747601661e-05,1.7197232430,1.6265662151,1.8114916284,0.4986088563,-0.3219508777,1.2352217902,-0.6459315367,-0.8125372887,0.4493034502
1874,1.995592426696e-05,4.639692375930e-05,1.7196770987,1.6265772261,1.8114547575,0.4985823579,-0.3219095439,1.2352061346,-0.6459372211,-0.8124784490,0.4492879638
1875,1.995294921481e-05,4.691602575413e-05,1.7196403601,1.6266187379,1.8114450485,0.4986036570,-0.3218720228,1.2351958713,-0.6458683756,-0.8124812820,0.4492988369
1876,1.992288190328e-05,4.757224419061e-05,1.7196692766,1.6266244919,1.8114156560,0.4986249213,-0.3218042113,1.2351784026,-0.6459007791,-0.8124411417,0.4492830302
1877,1.990403542568e-05,4.726936884580e-05,1.7196719882,1.6265777462,1.8113563823,0.4985716993,-0.3217788194,1.2351838496,-0.6458755213,-0.8124533550,0.4492831044
1878,1.996338758964e-05,4.681938008189e-05,1.7196132185,1.6265905145,1.8113321189,0.4985406076,-0.3217928120,1.2351752991,-0.6458970417,-0.8123896501,0.4492769933
1879,1.989437265343e-05,4.734184294508e-05,1.7196614443,1.6265580488,1.8113617025,0.4985884260,-0.3217706195,1.2352212461,-0.6458732895,-0.8124406266,0.4492908519
1880,1.978230327826e-05,4.718311641028e-05,1.7196762642,1.6265446471,1.8114177400,0.4985566312,-0.3217421253,1.2352271730,-0.6458435168,-0.8124230531,0.4492324793
1881,1.978405931802e-05,4.753247940326e-05,1.7196821985,1.6265175423,1.8114008895,0.4985965201,-0.3217532790,1.2352263733,-0.6458188937,-0.8124285043,0.4491512759
1882,1.977884675147e-05,4.720193756480e-05,1.7196986562,1.6265355595,1.8114167453,0.4985617838,-0.3217586633,1.2352162034,-0.6458215754,-0.8123947366,0.4492470185
1883,1.984342414524e-05,4.816717865408e-05,1.7197481797,1.6265848800,1.8114086930,0.4985344779,-0.3217549349,1.2352756902,-0.6458060086,-0.8123864182,0.4492260337
1884,1.979972367827e-05,4.749752833111e-05,1.7196802375,1.6265562482,1.8114124233,0.4985725866,-0.3217401560,1.2352109808,-0.6457871172,-0.8123966648,0.4492530577
1885,1.975042469154e-05,4.671316557026e-05,1.7197154022,1.6264759052,1.8114756089,0.4985481832,-0.3217146885,1.2351925548,-0.6458241862,-0.8123959226,0.4492438923
1886,1.959328387741e-05,4.579411778927e-05,1.7196639752,1.6264654407,1.8114833171,0.4985095491,-0.3217202953,1.2351813413,-0.6458395361,-0.8123289240,0.4492153945
1887,1.957697406935e-05,4.532802312307e-05,1.7196050314,1.6264618898,1.8115110094,0.4984701749,-0.3216795340,1.2351765792,-0.6458426470,-0.8122941304,0.4491794585
1888,1.942312184239e-05,4.472314997483e-05,1.7196106600,1.6264201995,1.8114970471,0.4984783419,-0.3217190674,1.2351487050,-0.6458297968,-0.8122211415,0.4491677866
1889,1.932772787505e-05,4.411475905319e-05,1.7196351117,1.6263511095,1.8115171283,0.4984841418,-0.3217290741,1.2351127249,-0.6458187610,-0.8121697653,0.4491618040
1890,1.923315402774e-05,4.370998987169e-05,1.7195994944,1.6263365447,1.8114996150,0.4984805598,-0.3217434032,1.2350950956,-0.6457958969,-0.8120923625,0.4491276039
1891,1.913372333839e-05,4.299812290820e-05,1.7195727536,1.6262901785,1.8115317099,0.4984577243,-0.3217187969,1.2350686696,-0.6457882937,-0.8120350518,0.4490969864
1892,1.903275116150e-05,4.259090521641e-05,1.7196452034,1.6262691648,1.8115617816,0.4983609110,-0.3217532932,1.2351158980,-0.6458120916,-0.8119037254,0.4490440824
1893,1.911543207889e-05,4.245112167944e-05,1.7195838218,1.6261763332,1.8115565847,0.4984198756,-0.3217384815,1.2352395553,-0.6458553700,-0.8118431798,0.4490994129
1894,1.903849558321e-05,4.281479345858e-05,1.7196580725,1.6262692885,1.8115319091,0.4983612698,-0.3217232266,1.2351058130,-0.6458310195,-0.8118950197,0.4490455371
1895,1.915443566969e-05,4.172434848082e-05,1.7196212631,1.6262207609,1.8115305750,0.4982967923,-0.3217842351,1.2350847942,-0.6458070418,-0.8119105090,0.4490456612
1896,1.900852632047e-05,4.274792613168e-05,1.7196539550,1.6262672879,1.8115552937,0.4983508457,-0.3217352377,1.2351281417,-0.6457719608,-0.8119016835,0.4490577179
1897,1.902715720259e-05,4.314188828425e-05,1.7196665318,1.6262993587,1.8115990150,0.4983746944,-0.3217169737,1.2350946539,-0.6457438545,-0.8118394585,0.4490724166
1898,1.897674303519e-05,4.277565054867e-05,1.7196817712,1.6262394694,1.8115518726,0.4983746041,-0.3217474580,1.2351182282,-0.6457630323,-0.8119038832,0.4490510804
1899,1.884161192045e-05,4.320245987788e-05,1.7196854787,1.6262389889,1.8115553979,0.4983915791,-0.3217193207,1.2351428405,-0.6457353306,-0.8119074940,0.4489644343
1900,1.893450130330e-05,4.336138861982e-05,1.7197228732,1.6262121689,1.8116163423,0.4983746474,-0.3216718365,1.2351523246,-0.6457483506,-0.8119432331,0.4489549508
1901,1.883435429328e-05,4.328360400829e-05,1.7197133767,1.6262462911,1.8115546919,0.4983709582,-0.3217359813,1.2351635848,-0.6457441586,-0.8118870121,0.4489583252
1902,1.890724242648e-05,4.442478815592e-05,1.7197336290,1.6262876876,1.8115160866,0.4984201971,-0.3217512266,1.2351928317,-0.6457069731,-0.8119039699,0.4489236379
1903,1.882109364315e-05,4.316221767298e-05,1.7197238264,1.6262600012,1.8115507324,0.4983475878,-0.3217438233,1.2351304379,-0.6457337014,-0.8119017892,0.4489459536
1904,1.870478603094e-05,4.243932205472e-05,1.7196948946,1.6262051434,1.8115313028,0.4983197989,-0.3217514692,1.2351184300,-0.6457048205,-0.8118575562,0.4489011146
1905,1.864568021681e-05,4.278006789904e-05,1.7196924711,1.6262020048,1.8114847326,0.4983365003,-0.3217708871,1.2351283867,-0.6456515153,-0.8118420852,0.4488380307
1906,1.862734168551e-05,4.261121917526e-05,1.7197453354,1.6261759840,1.8114816708,0.4982832345,-0.3218016583,1.2351554201,-0.6456472168,-0.8118013871,0.4488198870
1907,1.863922304790e-05,4.213652010798e-05,1.7197168537,1.6261749755,1.8115324108,0.4982964169,-0.3218690921,1.2351518093,-0.6456663264,-0.8118032300,0.4487810215
1908,1.865257476991e-05,4.247430657400e-05,1.7197385547,1.6261571255,1.8114680540,0.4982704997,-0.3218062497,1.2351724318,-0.6456558086,-0.8118381037,0.4488156001
1909,1.858708356350e-05,4.265847503082e-05,1.7197547040,1.6261410722,1.8115203479,0.4982826251,-0.3217482306,1.2351363880,-0.6456132527,-0.8117898280,0.4487679911
1910,1.872759863569e-05,4.387061033084e-05,1.7197860272,1.6261743746,1.8114923102,0.4983198462,-0.3217532672,1.2351487996,-0.6455598607,-0.8117795706,0.4487169719
1911,1.859976043234e-05,4.262409502909e-05,1.7197368506,1.6261553275,1.8115360035,0.4982633125,-0.3217485178,1.2351550240,-0.6455834600,-0.8117925282,0.4487788394
1912,1.840777647488e-05,4.220265997945e-05,1.7197124985,1.6261655515,1.8115049288,0.4982400703,-0.3217160547,1.2351340541,-0.6456585998,-0.8117541236,0.4487333659
1913,1.836375538689e-05,4.129248491369e-05,1.7196624173,1.6261340417,1.8114893047,0.4982012228,-0.3217045377,1.2350900763,-0.6456740898,-0.8117048698,0.4487370004
1914,1.831547022418e-05,4.174284460257e-05,1.7196494288,1.6261789714,1.8114566180,0.4981904993,-0.3216779827,1.2350972262,-0.6456881030,-0.8116693554,0.4486705529
1915,1.819653004470e-05,4.172624899446e-05,1.7196893436,1.6261337467,1.8114487535,0.4982288195,-0.3216556196,1.2350545280,-0.6457163263,-0.8116614636,0.4486299430
1916,1.808975230577e-05,4.167296552782e-05,1.7196994257,1.6260964231,1.8114754765,0.4982326946,-0.3216058113,1.2350270948,-0.6456841964,-0.8116416557,0.4485741037
1917,1.795983561270e-05,4.116137942856e-05,1.7196917397,1.6260502424,1.8114510700,0.4982359931,-0.3215874823,1.2349680802,-0.6456888089,-0.8115937083,0.4485415029
1918,1.813531153955e-05,4.061775923214e-05,1.7196614879,1.6259246629,1.8113938143,0.4981934061,-0.3215324935,1.2349335275,-0.6457331422,-0.8116294442,0.4484377600
1919,1.796439812812e-05,4.106421948435e-05,1.7197102981,1.6260655176,1.8114524869,0.4982085010,-0.3215961544,1.2349392226,-0.6456851832,-0.8116085426,0.4485366797
1920,1.787621645577e-05,4.111696716003e-05,1.7197384756,1.6260453860,1.8114836873,0.4982250559,-0.3215795317,1.2349652367,-0.6457113836,-0.8115162761,0.4485471599
1921,1.778472044239e-05,4.139577323692e-05,1.7197191348,1.6260881171,1.8114779029,0.4982448461,-0.3215669257,1.2349328875,-0.6456708206,-0.8114520754,0.4485271001
1922,1.766334643583e-05,4.123141833645e-05,1.7197188148,1.6260682589,1.8114706214,0.4982387707,-0.3215342263,1.2348993169,-0.6456716992,-0.8113806603,0.4484799992
1923,1.769810003960e-05,4.142699907894e-05,1.7196972011,1.6260803656,1.8115315204,0.4983082112,-0.3214336911,1.2347800454,-0.6457430998,-0.8113442019,0.4484897622
1924,1.769067057650e-05,4.155840614795e-05,1.7197349251,1.6260697086,1.8114450783,0.4982340278,-0.3215026970,1.2349025952,-0.6456615383,-0.8113819142,0.4485013009
1925,1.761912355097e-05,4.142117198236e-05,1.7197595456,1.6260389793,1.8114593701,0.4982768371,-0.3215689664,1.2348794514,-0.6456425925,-0.8113394810,0.4484380038
1926,1.758214802811e-05,4.053367582324e-05,1.7197251112,1.6259956053,1.8114861015,0.4982380890,-0.3215806030,1.2348602240,-0.6455990220,-0.8112943726,0.4484546985
1927,1.749600496054e-05,4.084869717980e-05,1.7197377272,1.6260056324,1.8115369450,0.4982253110,-0.3215440712,1.2348914231,-0.6455634390,-0.8112869184,0.4483967132
1928,1.735733780678e-05,4.071843719877e-05,1.7197258505,1.6260269555,1.8115369723,0.4981932527,-0.3215468544,1.2349103823,-0.6455713076,-0.8112212844,0.4483363842
1929,1.717768109427e-05,4.107140772858e-05,1.7197382495,1.6260663546,1.8115480527,0.4981508833,-0.3215350234,1.2349443534,-0.6455432240,-0.8110735775,0.4482246881
1930,1.713146224447e-05,4.111892189185e-05,1.7196142119,1.6260055609,1.8115079344,0.4982379656,-0.3214975627,1.2350303147,-0.6455355465,-0.8110520190,0.4481756003
1931,1.711123264664e-05,4.168949733452e-05,1.7196354273,1.6260124891,1.8115169625,0.4982464929,-0.3214763350,1.2350479378,-0.6454905766,-0.8109814935,0.4481357209
1932,1.699962439045e-05,4.127327299652e-05,1.7196056613,1.6260177052,1.8114918861,0.4982118857,-0.3214736361,1.2350088279,-0.6454699947,-0.8110015258,0.4480657315
1933,1.699329340088e-05,4.076104023565e-05,1.7196144828,1.6259641412,1.8114967063,0.4981663627,-0.3214658970,1.2350161845,-0.6455083387,-0.8109966827,0.4480078543
1934,1.703460592251e-05,4.056149512310e-05,1.7195647210,1.6260080511,1.8115311263,0.4981471741,-0.3215095599,1.2350246125,-0.6455001473,-0.8109963838,0.4479631543
1935,1.698935565497e-05,4.074875703741e-05,1.7196217162,1.6259574410,1.8114741376,0.4981490751,-0.3214882144,1.2350414174,-0.6454884250,-0.8110023533,0.4480134312
1936,1.682453224194e-05,3.977808855571e-05,1.7195820706,1.6259327216,1.8114436908,0.4981234641,-0.3215031605,1.2349940392,-0.6454849668,-0.8109474378,0.4480406066
1937,1.696445206295e-05,3.997688442137e-05,1.7195505750,1.6259584666,1.8114161598,0.4980675021,-0.3214412915,1.2350014271,-0.6454834716,-0.8109350973,0.4480610674
1938,1.683575164896e-05,4.004825709780e-05,1.7195905767,1.6259546748,1.8114153848,0.4981322479,-0.3215114252,1.2349973227,-0.6455125220,-0.8109358681,0.4480308555
1939,1.669191036324e-05,3.923475560130e-05,1.7195782195,1.6258876939,1.8114138383,0.4981502791,-0.3215379508,1.2349323270,-0.6454553544,-0.8109347328,0.4480235663
1940,1.664743426971e-05,3.916914056246e-05,1.7195995144,1.6258609410,1.8114353022,0.4981682891,-0.3215599062,1.2349376995,-0.6454366783,-0.8108501517,0.4480292296
1941,1.665050318861e-05,3.929542561953e-05,1.7196094837,1.6258470230,1.8113719106,0.4982006999,-0.3215848468,1.2348883393,-0.6454305448,-0.8108285325,0.4479964504
1942,1.663901107612e-05,3.916485978239e-05,1.7195689777,1.6258445295,1.8114266003,0.4981925654,-0.3215525716,1.2349612867,-0.6454405391,-0.8108491786,0.4480265628
1943,1.671004621834e-05,3.832292407679e-05,1.7195513563,1.6258020590,1.8114395399,0.4981917522,-0.3216072876,1.2349393170,-0.6454799945,-0.8108568607,0.4480778013
1944,1.668622794604e-05,3.941071418168e-05,1.7195985753,1.6258243372,1.8114076334,0.4981939603,-0.3215447501,1.2349783839,-0.6454331772,-0.8108603826,0.4480444889
1945,1.665259994849e-05,3.906048673508e-05,1.7195524486,1.6258517553,1.8114251432,0.4981691401,-0.3216164071,1.2349980203,-0.6453891525,-0.8108591224,0.4479955802
1946,1.659777188978e-05,3.888385681061e-05,1.7195740789,1.6258182318,1.8114306018,0.4981706853,-0.3215479986,1.2349656009,-0.6454599932,-0.8108479559,0.4479970979
1947,1.663244208971e-05,3.908346508386e-05,1.7195843000,1.6257977003,1.8114932800,0.4982132960,-0.3215353825,1.2349468082,-0.6454455727,-0.8108625530,0.4479442170
1948,1.652310679845e-05,3.827660787992e-05,1.7195284471,1.6257948351,1.8114272518,0.4981215845,-0.3215053078,1.2349391720,-0.6454262014,-0.8108127221,0.4479904701
1949,1.654660223149e-05,3.837591608802e-05,1.7195065601,1.6258205896,1.8114217703,0.4980902248,-0.3214831441,1.2349567068,-0.6454623119,-0.8107493705,0.4479488998
